,Player,Pos,Age,Tm,G,MP,PER,TS%,3PAr,FTr,ORB%,DRB%,TRB%,AST%,STL%,BLK%,TOV%,USG%,OWS,DWS,WS,WS/48,OBPM,DBPM,BPM,VORP,Playerâ–²,Dist.,2P.2,3P.2,%FGA,DRTG
0,Precious Achiuwa,C,23,TOR,55,1140,15.2,0.554,0.267,0.307,9.3,24.4,16.3,6.3,1.3,2.6,11.4,19.4,0.8,1.4,2.2,0.093,-1.4,-0.8,-2.3,-0.1,Precious Achiuwa,9.8,0.629,1.0,0.141,115.6
1,Steven Adams,C,29,MEM,42,1133,17.5,0.564,0.004,0.49,20.1,25.3,22.7,11.2,1.5,3.7,19.8,14.6,1.3,2.1,3.4,0.144,-0.3,0.9,0.6,0.7,Steven Adams,2.6,0.503,0.0,0.163,109.0
2,Bam Adebayo,C,25,MIA,75,2598,20.1,0.592,0.011,0.361,8.0,23.6,15.5,15.9,1.7,2.4,12.7,25.2,3.6,3.8,7.4,0.137,0.8,0.8,1.5,2.3,Bam Adebayo,7.4,0.601,1.0,0.136,111.2
3,Ochai Agbaji,SG,22,UTA,59,1209,9.5,0.561,0.591,0.179,3.9,6.9,5.4,7.5,0.6,1.0,9.0,15.8,0.9,0.4,1.3,0.053,-1.7,-1.4,-3.0,-0.3,Ochai Agbaji,16.9,0.762,0.988,0.054,114.6
4,Santi Aldama,PF,22,MEM,77,1682,13.9,0.591,0.507,0.274,5.4,18.0,11.7,7.6,1.3,2.6,9.3,16.0,2.1,2.4,4.6,0.13,-0.3,0.8,0.5,1.1,Santi Aldama,14.6,0.68,0.968,0.118,110.2
5,Nickeil Alexander-Walker,SG,24,TOT,59,884,11.6,0.565,0.539,0.203,1.9,10.5,6.3,16.7,1.7,2.0,14.6,17.9,0.3,0.8,1.1,0.062,-1.4,0.4,-0.9,0.2,Nickeil Alexander-Walker,16.9,0.329,0.803,0.01,111.8
6,Grayson Allen,SG,27,MIL,72,1972,12.3,0.612,0.657,0.226,3.4,9.0,6.3,10.9,1.5,0.6,10.5,14.6,2.8,2.2,5.1,0.123,-0.6,0.7,0.1,1.0,Grayson Allen,18.7,0.606,0.884,0.027,109.1
7,Jarrett Allen,C,24,CLE,68,2220,19.9,0.67,0.016,0.353,11.7,23.6,17.7,7.5,1.2,3.5,11.4,16.4,5.5,4.0,9.5,0.205,1.3,1.0,2.4,2.4,Jarrett Allen,4.4,0.774,1.0,0.319,108.8
8,Jose Alvarado,PG,24,NOP,61,1310,11.8,0.525,0.505,0.164,2.4,9.8,6.1,19.9,2.5,0.7,13.4,19.8,0.1,1.7,1.8,0.066,-2.0,0.7,-1.2,0.3,Jose Alvarado,15.6,0.381,0.94,0.0,108.4
9,Kyle Anderson,PF,29,MIN,69,1957,14.8,0.583,0.212,0.275,3.8,16.9,10.5,22.6,1.9,2.8,15.7,14.4,2.5,2.6,5.1,0.125,0.2,2.3,2.5,2.2,Kyle Anderson,9.9,0.512,0.93,0.02,111.7
10,Giannis Antetokounmpo,PF,28,MIL,63,2024,29.0,0.605,0.134,0.604,7.3,30.0,19.1,33.2,1.2,2.1,13.2,38.8,4.9,3.7,8.6,0.204,5.8,2.7,8.5,5.4,Giannis Antetokounmpo,8.1,0.415,0.617,0.166,109.2
11,Cole Anthony,PG,22,ORL,60,1552,16.0,0.57,0.338,0.279,3.4,17.6,10.5,22.9,1.2,1.9,11.7,21.5,2.1,1.7,3.7,0.116,0.7,0.5,1.3,1.3,Cole Anthony,14.7,0.248,0.733,0.023,112.5
12,Deni Avdija,SF,22,WAS,76,2020,11.2,0.535,0.401,0.285,4.2,21.9,13.4,13.9,1.6,1.2,15.9,16.7,0.0,2.3,2.3,0.054,-2.8,0.5,-2.3,-0.1,Deni Avdija,13.3,0.538,0.942,0.057,114.1
13,Deandre Ayton,C,24,PHO,67,2035,19.9,0.617,0.027,0.225,9.2,27.5,18.1,9.2,0.9,2.3,11.0,22.9,3.3,3.0,6.2,0.147,0.9,0.0,0.9,1.5,Deandre Ayton,7.7,0.792,0.857,0.131,113.2
14,Marvin Bagley III,C,23,DET,42,990,17.2,0.587,0.173,0.283,10.2,20.2,15.1,5.9,0.9,2.7,9.7,20.4,1.3,0.7,2.0,0.095,0.3,-1.2,-0.9,0.3,Marvin Bagley III,9.0,0.628,0.947,0.076,117.9
15,LaMelo Ball,PG,21,CHO,36,1268,17.9,0.541,0.531,0.169,3.5,16.2,9.7,38.7,1.7,0.8,14.3,30.0,0.6,1.2,1.8,0.068,3.2,-0.8,2.4,1.4,LaMelo Ball,17.7,0.25,0.653,0.004,117.3
16,Mo Bamba,C,24,TOT,49,769,15.7,0.602,0.515,0.257,8.5,24.2,16.4,8.7,0.8,5.3,10.1,16.6,1.1,1.1,2.2,0.139,-0.2,0.7,0.5,0.5,Mo Bamba,15.1,0.754,1.0,0.178,111.5
17,Paolo Banchero,PF,20,ORL,72,2430,14.9,0.529,0.254,0.476,3.9,19.3,11.6,17.2,1.2,1.5,12.8,27.5,-0.3,2.6,2.4,0.047,-0.7,-0.7,-1.5,0.3,Paolo Banchero,12.4,0.404,0.706,0.054,115.3
18,Desmond Bane,SG,24,MEM,58,1841,19.1,0.606,0.433,0.218,2.5,14.3,8.4,20.8,1.4,1.1,10.9,26.1,3.5,2.3,5.8,0.151,3.3,0.1,3.5,2.5,Desmond Bane,14.8,0.521,0.729,0.007,107.4
19,Dominick Barlow,PF,19,SAS,28,408,12.4,0.567,0.047,0.291,11.9,15.6,13.7,7.6,1.2,3.8,13.4,11.3,0.5,0.2,0.7,0.082,-3.7,-0.8,-4.6,-0.3,Dominick Barlow,5.5,0.739,0.0,0.151,115.9
20,Harrison Barnes,PF,30,SAC,82,2662,14.1,0.632,0.446,0.522,3.8,11.9,7.9,6.3,1.0,0.3,8.1,17.1,5.1,1.4,6.5,0.118,0.5,-1.5,-1.0,0.7,Harrison Barnes,13.7,0.587,0.932,0.063,115.2
21,Scottie Barnes,SF,21,TOR,77,2678,15.5,0.524,0.22,0.242,7.1,15.2,10.8,20.0,1.5,2.2,12.0,20.3,2.3,2.7,5.0,0.09,0.5,-0.1,0.4,1.6,Scottie Barnes,10.8,0.493,0.841,0.087,111.6
22,RJ Barrett,SG,22,NYK,73,2475,12.9,0.531,0.332,0.333,2.7,13.7,8.2,12.4,0.6,0.6,10.8,26.2,0.5,1.8,2.2,0.043,-1.2,-1.9,-3.1,-0.7,RJ Barrett,11.5,0.424,0.926,0.029,116.5
23,Will Barton,SG,32,TOT,56,993,10.0,0.493,0.495,0.129,1.7,13.5,7.7,15.4,1.4,1.1,11.1,18.9,-0.4,0.8,0.4,0.021,-2.0,-0.6,-2.6,-0.2,Will Barton,17.8,0.458,0.742,0.022,113.2
24,Charles Bassey,C,22,SAS,35,508,18.8,0.658,0.059,0.274,15.5,26.4,20.7,12.9,1.5,5.4,21.3,15.6,0.7,0.6,1.3,0.122,-0.7,1.3,0.6,0.3,Charles Bassey,5.3,0.643,0.667,0.178,111.5
25,Keita Bates-Diop,PF,27,SAS,67,1452,14.9,0.609,0.305,0.323,4.7,14.3,9.3,9.8,1.5,1.1,9.5,16.7,2.1,0.6,2.7,0.089,0.3,-0.9,-0.6,0.5,Keita Bates-Diop,10.4,0.65,0.982,0.039,116.6
26,Nicolas Batum,PF,34,LAC,78,1709,11.0,0.594,0.832,0.126,4.1,15.4,9.8,9.4,1.5,2.3,11.1,11.5,1.7,1.9,3.6,0.101,-0.8,1.2,0.5,1.0,Nicolas Batum,21.6,0.611,0.992,0.024,110.0
27,Darius Bazley,C,22,TOT,43,616,13.1,0.524,0.29,0.383,5.8,18.5,12.1,8.3,1.7,5.1,11.2,16.4,0.1,0.9,1.0,0.078,-2.0,1.0,-1.0,0.2,Darius Bazley,9.9,0.794,0.95,0.186,109.2
28,Bradley Beal,SG,29,WAS,50,1673,19.7,0.593,0.249,0.26,2.8,9.9,6.5,26.6,1.3,1.7,12.9,29.2,2.2,1.2,3.4,0.099,2.9,-1.2,1.8,1.6,Bradley Beal,12.9,0.401,0.713,0.016,115.9
29,Malik Beasley,SG,26,TOT,81,2093,10.9,0.531,0.702,0.069,1.8,12.5,7.3,8.4,1.5,0.4,8.5,21.1,-0.2,1.6,1.4,0.032,-0.9,-1.0,-2.0,0.0,Malik Beasley,21.0,0.511,0.855,0.006,114.6
30,MarJon Beauchamp,SF,22,MIL,52,701,8.2,0.513,0.584,0.152,5.9,11.0,8.5,6.7,1.4,0.8,14.8,18.3,-0.4,0.8,0.4,0.027,-4.1,-0.6,-4.8,-0.5,MarJon Beauchamp,17.5,0.551,0.872,0.058,112.9
31,Patrick Beverley,SG,34,TOT,67,1816,8.9,0.534,0.664,0.181,2.7,12.0,7.5,13.3,1.7,2.0,13.4,10.6,0.8,2.1,3.0,0.079,-2.9,1.7,-1.2,0.3,Patrick Beverley,18.7,0.359,0.875,0.003,113.1
32,Saddiq Bey,SF,23,TOT,77,2129,14.6,0.564,0.5,0.285,5.0,14.0,9.4,8.1,1.6,0.5,7.0,20.2,2.6,1.2,3.9,0.087,0.9,-1.2,-0.3,0.9,Saddiq Bey,15.8,0.381,0.914,0.037,117.0
33,Goga Bitadze,C,23,TOT,38,457,17.1,0.582,0.208,0.336,15.0,18.7,16.8,12.1,1.7,5.3,13.3,15.4,0.8,0.6,1.3,0.141,-0.8,1.1,0.3,0.3,Goga Bitadze,7.8,0.635,0.833,0.152,105.4
34,Bismack Biyombo,C,30,PHO,61,874,14.4,0.555,0.0,0.34,11.0,22.1,16.5,8.7,1.0,9.0,17.7,14.0,0.2,1.6,1.9,0.102,-3.4,2.5,-0.9,0.2,Bismack Biyombo,4.4,0.824,0.0,0.214,109.7
35,Bol Bol,PF,23,ORL,70,1505,14.4,0.603,0.236,0.226,5.2,25.3,15.2,6.9,1.0,5.5,17.6,18.2,0.0,2.2,2.3,0.072,-1.8,0.9,-0.9,0.4,Bol Bol,10.7,0.537,0.767,0.157,112.0
36,Devin Booker,SG,26,PHO,53,1835,22.0,0.601,0.296,0.336,2.7,12.0,7.2,27.3,1.4,0.9,10.6,31.8,4.2,1.9,6.0,0.157,4.5,-0.3,4.2,2.9,Devin Booker,14.5,0.387,0.685,0.02,113.4
37,Brandon Boston Jr.,SF,21,LAC,22,248,13.4,0.515,0.238,0.311,3.2,10.3,6.8,12.5,1.8,0.0,8.0,26.5,0.0,0.2,0.2,0.04,-1.5,-0.7,-2.2,0.0,Brandon Boston Jr.,12.6,0.538,0.583,0.09,114.5
38,Chris Boucher,PF,30,TOR,76,1523,18.0,0.59,0.357,0.318,10.9,21.2,15.7,2.7,1.5,4.1,6.4,18.0,3.0,2.0,5.0,0.156,0.7,-0.8,-0.1,0.7,Chris Boucher,11.2,0.578,0.984,0.149,111.6
39,James Bouknight,SG,22,CHO,34,515,6.2,0.463,0.565,0.155,1.6,13.5,7.5,11.1,1.3,0.8,13.4,19.5,-0.8,0.4,-0.4,-0.04,-5.4,-1.1,-6.5,-0.6,James Bouknight,17.9,0.5,0.697,0.016,110.9
40,Malaki Branham,SG,19,SAS,66,1550,9.5,0.524,0.417,0.115,1.9,11.2,6.4,11.4,1.0,0.4,10.6,19.1,-0.4,0.2,-0.1,-0.004,-3.0,-2.1,-5.2,-1.3,Malaki Branham,15.5,0.495,0.922,0.02,119.4
41,Christian Braun,SG,21,DEN,76,1181,10.3,0.568,0.332,0.221,4.8,12.6,8.8,6.4,1.7,1.3,9.9,13.0,0.7,1.2,1.9,0.079,-2.5,0.1,-2.4,-0.1,Christian Braun,11.4,0.67,0.941,0.114,111.3
42,Mikal Bridges,SF,26,TOT,83,2963,16.8,0.587,0.349,0.279,2.9,10.8,6.8,13.7,1.5,1.8,8.2,22.6,4.4,3.1,7.5,0.121,1.5,0.2,1.7,2.8,Mikal Bridges,14.5,0.538,0.923,0.028,113.2
43,Oshae Brissett,PF,24,IND,65,1083,10.6,0.52,0.486,0.455,6.4,16.0,11.2,5.4,1.4,1.0,8.2,16.1,0.4,0.7,1.1,0.05,-2.0,-1.2,-3.2,-0.3,Oshae Brissett,14.1,0.72,0.958,0.05,111.8
44,Malcolm Brogdon,PG,30,BOS,67,1744,18.2,0.615,0.406,0.251,2.7,14.7,8.8,21.5,1.3,0.9,10.8,22.8,3.6,2.2,5.8,0.161,2.3,0.6,2.8,2.1,Malcolm Brogdon,14.6,0.342,0.659,0.007,109.3
45,Dillon Brooks,SF,27,MEM,73,2214,9.4,0.494,0.443,0.155,2.2,9.5,5.8,11.7,1.4,0.7,8.9,21.8,-0.8,2.4,1.6,0.034,-3.4,-0.5,-3.9,-1.1,Dillon Brooks,15.8,0.438,0.797,0.012,108.5
46,Bruce Brown,SF,26,DEN,80,2280,13.3,0.571,0.343,0.206,3.3,13.0,8.3,15.7,1.9,2.0,13.2,17.8,1.7,2.6,4.3,0.09,-1.1,0.6,-0.5,0.9,Bruce Brown,12.2,0.551,0.923,0.076,113.0
47,Jaylen Brown,SF,26,BOS,67,2405,19.1,0.581,0.352,0.249,3.6,17.0,10.4,16.5,1.5,0.9,11.4,31.4,1.6,3.4,5.0,0.1,1.5,-0.2,1.3,2.0,Jaylen Brown,13.9,0.477,0.687,0.053,111.2
48,Troy Brown Jr.,SF,23,LAL,76,1860,9.6,0.561,0.604,0.084,3.7,13.7,8.9,6.6,1.5,0.7,9.2,12.1,1.0,2.0,2.9,0.075,-1.8,0.8,-1.0,0.5,Troy Brown Jr.,17.5,0.667,0.953,0.03,112.5
49,Jalen Brunson,PG,26,NYK,68,2379,21.2,0.597,0.269,0.328,1.8,9.3,5.6,28.7,1.3,0.6,9.4,27.2,6.9,1.8,8.7,0.175,4.4,-0.5,3.9,3.5,Jalen Brunson,12.9,0.166,0.575,0.002,117.1
50,Thomas Bryant,C,25,TOT,59,1081,19.7,0.682,0.16,0.341,8.9,24.6,17.0,4.3,0.7,2.4,8.2,18.2,2.7,1.4,4.1,0.183,1.1,-0.5,0.6,0.7,Thomas Bryant,8.4,0.784,0.962,0.247,115.8
51,Alec Burks,SG,31,DET,51,1122,16.5,0.602,0.521,0.41,1.8,14.2,7.8,15.9,1.6,0.6,9.7,22.8,1.9,0.6,2.5,0.109,1.8,-0.5,1.2,0.9,Alec Burks,18.2,0.307,0.687,0.002,113.9
52,Jimmy Butler,PF,33,MIA,64,2138,27.6,0.647,0.116,0.625,7.5,13.3,10.3,27.1,2.7,1.0,8.2,25.6,9.4,2.9,12.3,0.277,6.7,2.0,8.7,5.8,Jimmy Butler,8.4,0.377,0.694,0.069,113.7
53,Kentavious Caldwell-Pope,SG,29,DEN,76,2381,11.5,0.598,0.505,0.198,1.7,8.1,5.0,9.8,2.3,1.3,11.1,14.1,2.0,2.5,4.5,0.091,-1.6,0.6,-1.0,0.6,Kentavious Caldwell-Pope,17.5,0.847,0.926,0.025,111.5
54,Clint Capela,C,28,ATL,65,1730,22.1,0.656,0.002,0.244,16.1,29.4,22.7,4.7,1.2,3.9,8.3,15.7,4.9,2.4,7.2,0.201,2.3,-0.1,2.2,1.8,Clint Capela,2.2,0.734,0.0,0.291,116.4
55,Jevon Carter,PG,27,MIL,81,1810,10.9,0.56,0.596,0.067,2.1,9.3,5.8,14.5,1.7,1.3,11.8,15.3,1.2,2.3,3.5,0.092,-1.9,1.2,-0.6,0.6,Jevon Carter,19.9,0.34,0.789,0.004,107.2
56,Wendell Carter Jr.,C,23,ORL,57,1690,17.3,0.621,0.367,0.318,8.0,25.3,16.6,12.0,0.9,1.9,13.2,20.5,2.6,2.0,4.6,0.13,0.9,0.1,1.0,1.3,Wendell Carter Jr.,13.3,0.649,0.988,0.145,111.4
57,Alex Caruso,PG,28,CHI,67,1575,11.5,0.588,0.528,0.255,3.1,10.9,7.1,15.4,3.0,2.8,19.5,11.1,1.0,2.6,3.6,0.109,-2.2,3.3,1.1,1.2,Alex Caruso,15.0,0.533,0.945,0.028,106.5
58,Max Christie,SG,19,LAL,41,512,7.4,0.566,0.585,0.151,1.5,13.8,7.8,5.1,0.8,1.2,10.3,10.4,0.1,0.5,0.6,0.058,-3.2,0.0,-3.1,-0.1,Max Christie,18.0,0.556,0.962,0.038,113.2
59,Josh Christopher,SG,21,HOU,64,786,11.5,0.523,0.271,0.182,2.8,7.2,5.0,14.3,2.0,1.9,14.4,21.9,-0.3,0.3,0.0,-0.001,-3.0,-1.4,-4.3,-0.5,Josh Christopher,11.9,0.348,0.762,0.082,119.3
60,Brandon Clarke,PF,26,MEM,56,1090,20.0,0.682,0.017,0.393,9.0,21.2,15.1,9.5,1.5,3.1,11.8,17.7,2.7,1.8,4.5,0.199,0.8,1.8,2.5,1.3,Brandon Clarke,5.1,0.768,1.0,0.158,108.3
61,Jordan Clarkson,SG,30,UTA,61,1988,14.7,0.558,0.445,0.238,4.0,9.3,6.7,20.9,0.8,0.6,14.0,27.8,0.9,0.8,1.7,0.042,1.0,-2.4,-1.4,0.3,Jordan Clarkson,15.7,0.215,0.748,0.016,116.6
62,Nic Claxton,C,23,BRK,76,2271,20.8,0.691,0.003,0.419,9.3,25.1,17.4,9.3,1.4,7.1,12.1,15.4,5.2,4.0,9.2,0.195,0.9,2.2,3.1,2.9,Nic Claxton,2.7,0.763,0.0,0.346,111.3
63,Amir Coffey,SF,25,LAC,50,625,7.0,0.498,0.276,0.434,3.1,6.4,4.7,11.2,0.5,0.7,10.8,13.5,0.1,0.3,0.4,0.033,-4.3,-0.7,-5.0,-0.5,Amir Coffey,12.1,0.6,1.0,0.041,113.1
64,John Collins,PF,25,ATL,71,2130,13.6,0.593,0.339,0.252,3.9,20.0,11.9,5.3,0.9,2.9,9.1,17.1,2.1,2.1,4.2,0.095,-1.4,0.2,-1.3,0.4,John Collins,12.2,0.792,0.957,0.115,115.2
65,Zach Collins,C,25,SAS,63,1441,16.4,0.599,0.268,0.259,8.5,22.5,15.2,18.0,1.2,2.8,17.4,21.2,1.2,1.0,2.2,0.074,-0.5,0.3,-0.2,0.6,Zach Collins,11.1,0.581,1.0,0.044,116.3
66,Mike Conley,PG,35,TOT,67,2029,14.7,0.583,0.575,0.277,1.8,7.9,4.9,29.4,1.7,0.6,13.1,16.3,4.1,1.4,5.5,0.13,1.0,-0.1,0.9,1.5,Mike Conley,18.3,0.381,0.696,0.0,116.1
67,Pat Connaughton,SF,30,MIL,61,1443,10.0,0.531,0.765,0.097,3.8,16.2,10.2,6.9,1.2,0.6,7.0,13.8,0.7,1.8,2.5,0.085,-1.3,0.3,-1.0,0.3,Pat Connaughton,20.3,0.75,0.982,0.019,109.9
68,Robert Covington,PF,32,LAC,48,779,14.2,0.584,0.594,0.175,4.5,19.2,11.9,10.2,2.4,3.7,11.5,15.6,0.7,1.2,1.9,0.117,-0.5,2.1,1.7,0.7,Robert Covington,16.8,0.75,0.981,0.035,110.2
69,Torrey Craig,PF,32,PHO,79,1948,11.6,0.566,0.506,0.09,8.1,16.3,12.1,7.9,1.3,2.9,12.3,13.0,1.5,2.5,4.0,0.098,-1.3,0.7,-0.6,0.7,Torrey Craig,15.0,0.57,0.99,0.044,115.5
70,Seth Curry,SG,32,BRK,61,1211,12.3,0.593,0.517,0.122,1.2,7.9,4.6,11.9,1.5,0.5,9.7,19.2,0.9,0.9,1.8,0.07,-1.2,-0.9,-2.1,0.0,Seth Curry,19.8,0.526,0.809,0.0,113.9
71,Stephen Curry,PG,34,GSW,56,1941,24.1,0.656,0.564,0.248,2.3,16.8,9.7,30.0,1.3,0.9,12.5,31.0,5.8,2.0,7.8,0.192,7.5,0.1,7.5,4.7,Stephen Curry,18.8,0.371,0.593,0.0,112.4
72,Dyson Daniels,PG,19,NOP,59,1042,8.8,0.503,0.413,0.192,3.9,16.5,10.2,16.4,2.0,1.0,20.2,11.6,-0.1,1.4,1.3,0.061,-3.4,1.6,-1.8,0.0,Dyson Daniels,13.6,0.55,0.889,0.034,106.7
73,Anthony Davis,C,29,LAL,56,1904,27.8,0.627,0.077,0.462,11.3,27.6,19.7,13.0,1.5,5.1,9.5,28.4,5.5,3.4,9.0,0.226,4.6,1.7,6.3,4.0,Anthony Davis,8.2,0.625,1.0,0.156,109.5
74,Johnny Davis,SG,20,WAS,28,423,7.2,0.446,0.409,0.158,2.7,13.9,8.5,9.2,1.2,1.6,8.5,20.5,-0.6,0.3,-0.3,-0.033,-5.8,-1.7,-7.4,-0.6,Johnny Davis,15.8,0.633,1.0,0.012,107.9
75,Terence Davis,SG,25,SAC,64,841,12.9,0.563,0.668,0.118,2.7,16.1,9.4,11.1,2.4,1.2,12.2,22.2,0.0,0.9,0.9,0.054,-1.3,-0.3,-1.5,0.1,Terence Davis,18.8,0.508,0.921,0.038,111.4
76,Dewayne Dedmon,C,33,TOT,38,426,15.5,0.577,0.258,0.325,9.1,28.3,18.5,9.5,1.1,4.4,12.7,20.6,0.3,0.7,1.0,0.115,-2.6,1.0,-1.6,0.0,Dewayne Dedmon,10.1,0.738,0.917,0.073,110.0
77,DeMar DeRozan,SF,33,CHI,74,2682,20.6,0.592,0.109,0.401,1.5,12.8,7.2,22.3,1.5,1.3,9.1,27.8,5.4,3.2,8.5,0.153,1.7,0.3,2.0,2.6,DeMar DeRozan,13.7,0.244,0.848,0.023,110.7
78,Hamidou Diallo,SF,24,DET,56,996,15.7,0.593,0.056,0.395,6.2,15.7,10.8,9.2,2.6,1.4,13.9,21.8,0.4,0.9,1.3,0.063,-1.8,0.4,-1.4,0.1,Hamidou Diallo,6.8,0.643,1.0,0.139,109.5
79,Gorgui Dieng,C,33,SAS,31,358,9.9,0.493,0.641,0.111,7.9,25.4,16.3,19.4,0.5,3.2,20.7,17.9,-0.2,0.2,0.0,0.001,-4.0,0.1,-3.9,-0.2,Gorgui Dieng,19.3,0.667,0.905,0.051,118.2
80,Ousmane Dieng,PF,19,OKC,39,569,9.3,0.505,0.541,0.127,3.5,16.5,9.9,10.7,1.2,1.1,12.0,15.9,-0.1,0.6,0.4,0.038,-3.1,-0.5,-3.6,-0.2,Ousmane Dieng,16.2,0.78,0.962,0.099,107.4
81,Spencer Dinwiddie,SG,29,TOT,79,2725,16.0,0.573,0.467,0.314,1.2,10.2,5.7,28.1,1.2,0.8,10.8,22.1,4.5,1.8,6.3,0.111,1.6,-0.9,0.7,1.8,Spencer Dinwiddie,15.7,0.118,0.602,0.021,114.2
82,Donte DiVincenzo,SG,26,GSW,72,1894,12.8,0.593,0.7,0.131,4.7,14.0,9.4,17.3,2.4,0.5,16.4,15.1,1.9,2.3,4.2,0.106,-0.6,1.3,0.7,1.3,Donte DiVincenzo,19.7,0.612,0.927,0.017,110.6
83,Luguentz Dort,SF,23,OKC,74,2272,11.3,0.513,0.468,0.297,5.9,10.4,8.1,9.2,1.6,0.9,8.5,19.8,0.9,2.1,2.9,0.062,-2.0,-1.0,-3.0,-0.6,Luguentz Dort,14.2,0.51,0.889,0.04,114.1
84,Ayo Dosunmu,SG,23,CHI,80,2098,10.2,0.567,0.332,0.144,2.5,9.3,5.9,13.2,1.4,1.2,14.0,14.9,0.7,2.2,2.9,0.067,-3.0,0.6,-2.5,-0.2,Ayo Dosunmu,11.2,0.55,1.0,0.018,110.1
85,Andre Drummond,C,29,CHI,67,849,20.8,0.606,0.011,0.456,18.7,40.2,29.6,5.7,2.6,3.1,18.6,21.0,0.8,2.0,2.8,0.159,-1.2,0.5,-0.8,0.3,Andre Drummond,2.3,0.614,0.0,0.277,106.0
86,Chris Duarte,SF,25,IND,46,897,8.6,0.496,0.523,0.216,2.4,11.9,7.1,9.7,1.3,0.9,10.1,19.0,-0.5,0.4,0.0,-0.003,-2.9,-1.6,-4.5,-0.6,Chris Duarte,17.3,0.471,0.782,0.015,115.6
87,Kris Dunn,PG,28,UTA,22,568,19.1,0.606,0.167,0.245,1.7,17.1,9.5,32.3,2.1,1.5,12.8,20.2,1.3,0.6,1.9,0.162,0.7,1.7,2.4,0.6,Kris Dunn,9.3,0.162,0.824,0.023,115.9
88,Kevin Durant,PF,34,TOT,47,1672,25.9,0.677,0.267,0.387,1.2,19.5,10.5,24.5,1.0,3.4,13.4,30.7,4.7,2.1,6.8,0.194,6.0,1.2,7.1,3.9,Kevin Durant,15.1,0.464,0.656,0.044,110.3
89,Jalen Duren,C,19,DET,67,1670,17.3,0.655,0.005,0.394,14.7,25.1,19.7,6.8,1.3,3.1,16.5,14.3,2.9,1.6,4.5,0.129,-0.4,-0.4,-0.8,0.5,Jalen Duren,3.3,0.667,0.0,0.412,116.2
90,Tari Eason,PF,21,HOU,82,1767,15.2,0.525,0.261,0.22,12.0,18.9,15.4,7.4,2.6,2.6,12.2,19.3,0.9,1.7,2.6,0.07,-1.3,-0.4,-1.7,0.1,Tari Eason,9.2,0.473,0.983,0.126,113.4
91,Anthony Edwards,SG,21,MIN,79,2842,17.4,0.564,0.375,0.274,1.9,15.9,9.0,19.3,2.1,1.8,13.0,29.9,0.2,3.6,3.8,0.064,1.0,0.0,1.0,2.1,Anthony Edwards,13.9,0.348,0.516,0.044,111.9
92,Kessler Edwards,SF,22,TOT,36,385,8.4,0.502,0.591,0.161,6.9,11.1,9.0,7.5,1.7,1.4,11.5,12.7,0.1,0.3,0.4,0.048,-3.2,-0.7,-3.9,-0.2,Kessler Edwards,17.1,0.632,1.0,0.054,115.8
93,Joel Embiid,C,28,PHI,66,2284,31.4,0.655,0.151,0.581,5.9,28.3,17.3,22.9,1.4,4.6,11.9,37.0,8.4,3.9,12.3,0.259,6.8,2.3,9.2,6.4,Joel Embiid,11.3,0.6,0.894,0.066,110.2
94,Drew Eubanks,C,25,POR,78,1584,16.2,0.666,0.054,0.374,9.5,20.9,15.2,9.2,1.2,5.7,14.7,12.5,2.9,1.6,4.4,0.134,-0.9,0.9,0.1,0.8,Drew Eubanks,5.8,0.783,1.0,0.269,117.1
95,Bruno Fernando,C,24,TOT,39,405,16.6,0.571,0.036,0.446,14.5,22.8,18.6,10.8,0.7,8.1,15.7,16.3,0.5,0.4,0.9,0.109,-2.8,0.7,-2.0,0.0,Bruno Fernando,4.2,0.695,0.0,0.304,114.0
96,Dorian Finney-Smith,PF,29,TOT,66,2009,9.2,0.523,0.675,0.118,6.5,11.5,9.0,6.7,1.4,1.6,10.5,13.2,0.6,1.6,2.1,0.051,-1.7,-0.3,-2.0,0.0,Dorian Finney-Smith,17.8,0.671,0.974,0.084,114.3
97,Malachi Flynn,PG,24,TOR,53,691,8.7,0.479,0.55,0.136,2.3,10.8,6.2,13.7,1.5,0.6,8.9,17.4,0.0,0.5,0.5,0.034,-3.3,-0.8,-4.1,-0.4,Malachi Flynn,18.3,0.375,0.872,0.0,113.4
98,Simone Fontecchio,SF,27,UTA,52,766,8.0,0.495,0.612,0.141,4.4,7.7,6.1,7.5,0.9,0.9,10.5,20.2,-0.4,0.3,-0.1,-0.004,-3.0,-2.1,-5.2,-0.6,Simone Fontecchio,18.5,0.731,0.952,0.042,118.3
99,Bryn Forbes,SG,29,MIN,25,268,6.2,0.497,0.554,0.181,1.7,4.5,3.1,8.2,1.2,0.7,11.8,16.2,-0.2,0.2,0.0,0.0,-4.8,-1.5,-6.3,-0.3,Bryn Forbes,18.9,0.813,0.857,0.0,116.2
100,Trent Forrest,SG,24,ATL,23,277,6.1,0.424,0.033,0.05,2.0,12.8,7.3,16.5,1.2,0.6,19.7,11.6,-0.2,0.2,-0.1,-0.011,-5.3,0.2,-5.1,-0.2,Trent Forrest,6.6,0.4,0.0,0.017,114.4
101,Evan Fournier,SG,30,NYK,27,459,6.9,0.471,0.687,0.127,1.0,10.8,5.9,10.6,1.7,0.6,11.2,18.4,-0.3,0.4,0.1,0.01,-4.0,0.0,-4.0,-0.2,Evan Fournier,20.4,0.476,0.857,0.0,113.8
102,De'Aaron Fox,PG,25,SAC,73,2435,21.8,0.599,0.276,0.331,1.9,12.4,7.2,29.6,1.6,0.8,10.6,30.1,5.5,1.8,7.4,0.146,3.4,-0.9,2.5,2.7,De'Aaron Fox,13.5,0.16,0.613,0.033,116.8
103,Markelle Fultz,PG,24,ORL,60,1778,16.6,0.564,0.128,0.211,4.4,10.5,7.4,29.8,2.4,1.4,15.8,21.3,1.7,2.0,3.7,0.1,-0.1,0.7,0.5,1.2,Markelle Fultz,9.8,0.323,0.963,0.054,114.0
104,Wenyen Gabriel,C,25,LAL,68,1024,14.4,0.626,0.138,0.323,12.6,17.2,15.0,4.8,1.2,2.9,13.4,14.1,1.5,1.3,2.8,0.132,-2.3,0.1,-2.2,-0.1,Wenyen Gabriel,6.1,0.676,0.9,0.092,111.4
105,Daniel Gafford,C,24,WAS,78,1604,19.7,0.739,0.0,0.473,11.7,18.0,15.0,7.5,1.0,5.2,15.1,15.2,4.2,1.9,6.1,0.184,0.4,0.6,1.0,1.2,Daniel Gafford,3.2,0.668,0.0,0.362,114.3
106,Darius Garland,PG,23,CLE,69,2447,18.8,0.587,0.365,0.284,1.3,7.6,4.5,34.1,1.7,0.3,13.5,26.9,4.5,3.0,7.6,0.148,3.2,-0.7,2.4,2.7,Darius Garland,15.1,0.286,0.58,0.004,108.8
107,Usman Garuba,C,20,HOU,75,970,12.9,0.569,0.333,0.266,13.4,21.4,17.4,8.8,2.2,2.9,19.2,10.5,0.9,0.9,1.8,0.091,-2.0,0.6,-1.4,0.2,Usman Garuba,9.9,0.613,1.0,0.062,115.5
108,Rudy Gay,PF,36,UTA,56,816,9.0,0.475,0.453,0.171,4.4,17.0,10.8,9.4,1.1,1.9,10.7,17.7,-0.4,0.7,0.3,0.018,-3.6,-0.4,-4.0,-0.4,Rudy Gay,17.3,0.526,1.0,0.045,108.6
109,Paul George,SF,32,LAC,56,1939,19.6,0.588,0.424,0.293,2.6,17.0,9.9,24.2,2.1,0.9,13.4,29.5,2.3,2.3,4.6,0.114,2.4,0.3,2.8,2.3,Paul George,16.7,0.322,0.614,0.042,112.5
110,Josh Giddey,PF,20,OKC,76,2367,17.1,0.533,0.209,0.13,6.6,20.9,13.6,29.9,1.1,1.2,15.1,24.6,1.3,2.7,4.0,0.081,1.5,-0.3,1.2,1.9,Josh Giddey,9.6,0.363,0.934,0.011,114.0
111,Shai Gilgeous-Alexander,PG,24,OKC,68,2416,27.2,0.626,0.122,0.535,2.6,12.2,7.3,25.7,2.2,2.5,10.1,32.8,8.4,3.0,11.4,0.226,5.7,1.5,7.3,5.6,Shai Gilgeous-Alexander,9.8,0.201,0.31,0.039,113.3
112,Anthony Gill,PF,30,WAS,59,624,11.1,0.604,0.22,0.508,6.9,10.6,8.8,7.2,0.5,1.6,8.5,12.3,1.0,0.4,1.3,0.101,-2.4,-0.9,-3.3,-0.2,Anthony Gill,8.7,0.672,1.0,0.045,110.4
113,Rudy Gobert,C,30,MIN,70,2148,18.9,0.675,0.005,0.623,12.2,29.8,21.2,5.6,1.2,3.9,14.9,16.3,4.3,3.5,7.8,0.174,0.0,0.7,0.7,1.4,Rudy Gobert,2.5,0.744,0.0,0.388,110.3
114,Jordan Goodwin,PG,24,WAS,62,1106,14.8,0.531,0.334,0.195,6.0,14.3,10.3,20.8,2.6,2.0,12.9,17.3,0.9,1.3,2.2,0.097,-0.7,1.4,0.7,0.8,Jordan Goodwin,14.0,0.242,0.868,0.025,111.7
115,Aaron Gordon,PF,27,DEN,68,2055,19.5,0.617,0.227,0.413,9.4,15.4,12.5,14.2,1.3,2.2,9.8,21.1,4.6,2.2,6.8,0.158,2.4,-0.3,2.1,2.1,Aaron Gordon,8.9,0.631,0.733,0.264,110.9
116,Eric Gordon,SG,34,TOT,69,1965,11.8,0.587,0.545,0.265,0.9,6.7,3.8,13.4,1.1,1.2,12.5,17.8,1.8,0.5,2.3,0.056,-0.5,-1.4,-1.9,0.1,Eric Gordon,17.2,0.39,0.811,0.002,116.4
117,Devonte' Graham,PG,27,TOT,73,1338,12.5,0.552,0.784,0.304,1.6,8.7,5.1,19.4,1.6,1.1,9.8,17.1,1.5,1.0,2.5,0.091,0.1,-0.2,-0.1,0.6,Devonte' Graham,22.5,0.31,0.798,0.0,113.7
118,Jerami Grant,PF,28,POR,63,2246,16.0,0.606,0.393,0.375,2.7,11.9,7.2,10.3,1.1,2.1,9.8,22.8,3.1,1.0,4.1,0.087,1.2,-1.4,-0.2,1.0,Jerami Grant,14.2,0.579,0.972,0.084,117.3
119,Draymond Green,PF,32,GSW,73,2297,12.2,0.592,0.276,0.228,3.2,21.6,12.6,27.8,1.5,2.3,28.1,13.2,1.6,3.1,4.7,0.098,-1.8,2.6,0.8,1.6,Draymond Green,10.3,0.852,1.0,0.051,109.2
120,Jalen Green,SG,20,HOU,76,2602,14.5,0.538,0.408,0.341,1.8,10.3,6.0,17.3,1.1,0.7,11.3,28.1,1.4,0.5,1.8,0.034,0.5,-2.6,-2.1,0.0,Jalen Green,15.2,0.351,0.572,0.046,120.0
121,JaMychal Green,PF,32,GSW,57,797,15.5,0.65,0.44,0.266,10.1,18.0,14.1,8.9,1.5,2.5,15.6,17.5,1.2,1.0,2.2,0.133,-0.7,0.2,-0.5,0.3,JaMychal Green,12.8,0.66,1.0,0.246,116.4
122,Javonte Green,SF,29,CHI,32,480,14.5,0.646,0.324,0.417,6.5,14.2,10.4,6.4,2.4,4.2,13.5,13.6,0.6,0.8,1.4,0.142,-1.1,2.5,1.4,0.4,Javonte Green,9.8,0.667,1.0,0.222,106.5
123,Jeff Green,PF,36,DEN,56,1091,11.0,0.576,0.317,0.357,4.1,10.9,7.6,8.3,0.8,1.4,10.8,17.0,0.8,0.8,1.7,0.074,-2.4,-1.0,-3.4,-0.4,Jeff Green,11.6,0.808,0.9,0.152,115.0
124,Josh Green,SG,22,DAL,60,1539,11.2,0.645,0.442,0.246,4.1,9.7,6.9,9.7,1.4,0.3,14.5,14.6,1.7,0.9,2.6,0.082,-1.9,-0.6,-2.4,-0.2,Josh Green,13.1,0.664,1.0,0.068,112.8
125,AJ Griffin,SF,19,ATL,72,1401,12.6,0.577,0.486,0.088,2.9,9.2,6.0,7.0,1.4,0.7,7.1,17.9,1.3,0.9,2.2,0.075,-0.3,-0.5,-0.8,0.4,AJ Griffin,16.8,0.558,0.891,0.017,112.0
126,Blake Griffin,C,33,BOS,41,569,13.1,0.59,0.508,0.246,9.2,20.4,14.9,14.2,1.2,1.4,13.2,12.7,1.0,0.8,1.8,0.153,-1.4,1.5,0.1,0.3,Blake Griffin,14.0,0.775,1.0,0.062,106.6
127,Quentin Grimes,SG,22,NYK,71,2121,11.7,0.619,0.676,0.163,2.5,9.4,5.9,9.7,1.1,1.2,9.7,14.4,3.2,1.6,4.8,0.108,-0.3,0.1,-0.1,1.0,Quentin Grimes,17.9,0.776,0.994,0.043,114.2
128,Rui Hachimura,PF,24,TOT,63,1466,13.2,0.556,0.274,0.204,4.1,16.5,10.5,5.8,0.6,1.5,7.7,20.2,0.6,1.3,1.8,0.06,-1.3,-1.0,-2.2,-0.1,Rui Hachimura,13.1,0.618,1.0,0.074,109.7
129,Tyrese Haliburton,PG,22,IND,56,1883,23.6,0.624,0.478,0.239,1.9,10.1,6.0,47.6,2.3,1.1,13.2,23.8,6.4,1.2,7.6,0.195,7.0,0.2,7.2,4.4,Tyrese Haliburton,16.2,0.247,0.447,0.021,117.9
130,R.J. Hampton,SG,21,TOT,47,750,10.8,0.558,0.489,0.321,2.6,10.5,6.5,10.4,1.7,1.1,13.4,17.8,0.1,0.5,0.7,0.042,-2.3,-0.6,-2.9,-0.2,R.J. Hampton,16.1,0.41,0.854,0.034,115.8
131,Tim Hardaway Jr.,SF,30,DAL,71,2152,12.1,0.554,0.649,0.195,1.1,12.6,6.8,9.0,1.1,0.5,6.1,20.6,1.0,1.3,2.3,0.051,-0.3,-1.5,-1.8,0.1,Tim Hardaway Jr.,19.7,0.641,0.896,0.014,114.5
132,James Harden,PG,33,PHI,58,2135,21.6,0.607,0.496,0.429,2.3,17.1,9.8,43.3,1.6,1.4,16.3,25.0,5.8,2.6,8.4,0.188,5.1,0.3,5.4,4.0,James Harden,16.6,0.129,0.416,0.001,113.3
133,Jaden Hardy,SG,20,DAL,48,708,14.6,0.571,0.468,0.237,1.8,13.0,7.3,14.9,1.2,0.9,11.1,26.4,0.2,0.5,0.7,0.048,-0.4,-1.9,-2.3,0.0,Jaden Hardy,15.0,0.422,0.825,0.024,115.6
134,Montrezl Harrell,C,29,PHI,57,681,17.6,0.631,0.029,0.483,11.8,15.7,13.8,7.4,1.2,3.4,12.1,18.9,1.3,0.8,2.2,0.153,-0.9,-0.4,-1.3,0.1,Montrezl Harrell,4.0,0.656,0.0,0.263,109.6
135,Gary Harris,SG,28,ORL,48,1184,10.5,0.62,0.71,0.098,2.0,7.4,4.7,6.9,1.8,1.0,8.0,12.6,1.3,1.1,2.3,0.095,-1.4,0.7,-0.7,0.4,Gary Harris,19.4,0.523,0.915,0.01,115.8
136,Joe Harris,SF,31,BRK,74,1527,10.6,0.621,0.757,0.064,1.7,10.1,6.0,9.1,1.1,0.7,8.3,14.3,1.5,1.1,2.6,0.083,-0.6,-0.6,-1.1,0.3,Joe Harris,20.5,0.797,1.0,0.0,113.2
137,Kevon Harris,SG,25,ORL,34,457,9.2,0.564,0.402,0.383,6.9,10.4,8.7,4.7,1.8,1.1,14.4,13.7,0.2,0.4,0.6,0.065,-3.5,-0.1,-3.6,-0.2,Kevon Harris,12.3,0.516,0.875,0.075,109.7
138,Tobias Harris,SF,30,PHI,74,2436,14.8,0.602,0.383,0.153,3.3,17.0,10.3,11.4,1.4,1.5,9.0,18.2,3.1,2.8,5.9,0.116,0.6,0.1,0.7,1.7,Tobias Harris,13.2,0.495,0.937,0.07,111.7
139,Josh Hart,SF,27,TOT,76,2454,14.1,0.622,0.315,0.338,6.5,21.0,13.7,16.1,1.8,0.8,16.4,12.6,3.8,2.2,6.0,0.118,-0.2,1.1,0.9,1.8,Josh Hart,10.6,0.444,1.0,0.019,113.5
140,Isaiah Hartenstein,C,24,NYK,82,1626,14.2,0.567,0.113,0.217,14.1,22.2,18.1,8.3,1.6,3.7,15.6,11.2,2.2,2.4,4.6,0.136,-1.5,1.2,-0.3,0.7,Isaiah Hartenstein,6.0,0.611,1.0,0.144,110.2
141,Sam Hauser,SF,25,BOS,80,1290,12.7,0.634,0.846,0.043,3.0,14.1,8.6,7.6,1.1,1.4,6.9,14.7,1.8,1.6,3.4,0.128,0.6,0.4,1.0,1.0,Sam Hauser,22.4,0.775,0.979,0.013,106.4
142,Jaxson Hayes,C,22,NOP,47,610,13.7,0.605,0.186,0.532,7.3,17.3,12.3,7.7,1.6,3.0,13.9,15.7,0.6,0.9,1.5,0.118,-2.2,1.0,-1.2,0.1,Jaxson Hayes,7.5,0.783,1.0,0.321,108.8
143,Killian Hayes,PG,21,DET,76,2154,10.2,0.455,0.351,0.137,1.4,10.2,5.7,32.3,2.3,1.1,16.7,20.5,-1.9,1.4,-0.5,-0.012,-3.3,-0.5,-3.8,-1.0,Killian Hayes,15.7,0.141,0.763,0.017,117.6
144,Gordon Hayward,SF,32,CHO,50,1577,13.5,0.563,0.275,0.274,2.2,12.6,7.3,19.3,1.3,0.7,13.2,20.0,0.8,1.1,2.0,0.059,-1.1,-0.3,-1.4,0.2,Gordon Hayward,14.4,0.554,0.904,0.028,111.7
145,Tyler Herro,SG,23,MIA,67,2337,15.3,0.566,0.484,0.164,1.3,17.3,9.0,19.9,1.1,0.7,11.7,25.6,1.1,2.4,3.5,0.072,1.5,-0.8,0.6,1.6,Tyler Herro,17.4,0.391,0.704,0.012,111.3
146,Buddy Hield,SF,30,IND,80,2482,15.4,0.614,0.652,0.124,3.0,14.9,8.9,13.3,1.8,0.9,11.3,20.8,2.7,1.6,4.4,0.085,2.5,-0.6,1.9,2.4,Buddy Hield,19.4,0.561,0.889,0.012,116.3
147,Haywood Highsmith,PF,26,MIA,54,969,8.5,0.517,0.505,0.13,6.7,16.4,11.4,6.2,1.9,1.8,16.5,12.5,-0.3,1.3,0.9,0.046,-3.7,0.7,-3.1,-0.3,Haywood Highsmith,15.4,0.625,0.973,0.06,110.0
148,George Hill,PG,36,TOT,46,834,10.6,0.61,0.572,0.331,2.0,8.6,5.4,16.7,1.5,0.6,15.2,11.3,1.1,0.8,1.9,0.107,-2.4,0.9,-1.5,0.1,George Hill,17.7,0.477,0.853,0.018,106.9
149,Aaron Holiday,PG,26,ATL,63,845,9.4,0.528,0.4,0.145,3.2,6.4,4.8,13.0,2.1,1.2,13.3,13.4,0.3,0.6,0.9,0.053,-2.9,0.9,-2.0,0.0,Aaron Holiday,14.7,0.214,0.861,0.0,110.0
150,Jrue Holiday,PG,32,MIL,67,2183,19.2,0.586,0.402,0.173,3.9,12.0,8.1,34.4,1.7,0.9,15.2,25.0,3.9,2.8,6.7,0.148,3.0,0.1,3.1,2.8,Jrue Holiday,15.3,0.247,0.43,0.007,107.9
151,Justin Holiday,SF,33,TOT,46,706,6.6,0.494,0.701,0.039,0.8,8.1,4.4,7.5,1.3,2.3,9.6,14.1,-0.4,0.5,0.1,0.008,-3.7,-0.1,-3.9,-0.3,Justin Holiday,19.8,0.871,0.913,0.039,113.9
152,Al Horford,C,36,BOS,63,1922,13.8,0.631,0.678,0.044,4.2,17.7,11.1,13.2,0.8,2.7,7.0,11.9,3.6,2.7,6.3,0.157,1.6,1.7,3.3,2.5,Al Horford,18.8,0.675,0.993,0.023,111.1
153,Talen Horton-Tucker,SG,22,UTA,65,1313,13.7,0.508,0.331,0.274,3.4,13.7,8.6,27.4,1.5,1.9,15.5,25.9,-0.3,1.1,0.8,0.029,-1.1,-0.5,-1.6,0.2,Talen Horton-Tucker,12.8,0.206,0.776,0.038,112.0
154,Danuel House Jr.,SF,29,PHI,56,807,9.4,0.6,0.558,0.305,1.3,12.2,6.9,7.5,0.9,1.0,10.4,13.8,0.6,0.7,1.3,0.075,-2.5,-0.5,-3.0,-0.2,Danuel House Jr.,15.9,0.75,0.946,0.071,112.5
155,Caleb Houstan,SF,20,ORL,51,812,6.2,0.508,0.747,0.099,4.7,9.1,6.9,4.9,0.7,0.8,8.7,11.0,0.1,0.5,0.7,0.039,-3.1,-0.9,-4.0,-0.4,Caleb Houstan,20.1,0.65,1.0,0.005,112.9
156,Kevin Huerter,SG,24,SAC,75,2203,15.2,0.617,0.589,0.151,2.2,10.8,6.5,14.1,1.7,1.0,9.5,19.9,3.3,1.7,4.9,0.107,1.4,-0.3,1.0,1.7,Kevin Huerter,18.2,0.665,0.893,0.016,116.6
157,De'Andre Hunter,SF,25,ATL,67,2126,11.5,0.563,0.348,0.252,2.3,12.4,7.3,6.0,0.8,0.7,8.2,19.7,1.4,1.2,2.5,0.057,-1.9,-1.4,-3.3,-0.7,De'Andre Hunter,14.6,0.588,0.91,0.044,115.5
158,Bones Hyland,PG,22,TOT,56,1085,14.9,0.535,0.552,0.179,2.1,11.8,7.1,23.4,1.8,1.2,11.7,28.0,0.3,1.1,1.4,0.062,0.4,-1.2,-0.8,0.3,Bones Hyland,17.6,0.279,0.607,0.007,118.0
159,Joe Ingles,SF,35,MIL,46,1044,10.7,0.616,0.819,0.085,1.4,11.1,6.4,18.4,1.5,0.5,17.6,12.6,1.1,1.2,2.3,0.107,-1.6,0.8,-0.7,0.3,Joe Ingles,22.2,0.32,0.711,0.0,112.4
160,Brandon Ingram,SF,25,NOP,45,1538,19.2,0.582,0.196,0.326,1.7,16.4,9.1,28.1,1.0,1.2,13.4,30.8,1.8,1.7,3.5,0.108,2.2,-0.4,1.7,1.4,Brandon Ingram,13.7,0.385,0.813,0.034,112.5
161,Kyrie Irving,PG,30,TOT,60,2241,22.4,0.613,0.412,0.227,3.0,12.3,7.7,25.4,1.4,1.7,8.8,28.9,5.4,2.0,7.4,0.159,4.8,-0.7,4.1,3.5,Kyrie Irving,15.8,0.291,0.511,0.002,113.2
162,Jaden Ivey,SG,20,DET,74,2304,12.1,0.528,0.356,0.362,3.4,10.7,6.9,26.2,1.3,0.7,17.2,25.4,-0.9,0.8,0.0,-0.001,-1.4,-1.9,-3.3,-0.7,Jaden Ivey,14.1,0.246,0.733,0.034,120.1
163,Isaiah Jackson,C,21,IND,63,1042,17.5,0.595,0.044,0.459,12.1,18.0,15.0,7.0,1.4,7.7,11.8,17.4,1.5,1.2,2.7,0.124,-1.7,0.9,-0.8,0.3,Isaiah Jackson,4.2,0.74,1.0,0.302,115.2
164,Jaren Jackson Jr.,C,23,MEM,63,1787,21.6,0.613,0.343,0.372,6.4,18.8,12.6,5.0,1.7,9.6,10.1,24.7,2.8,3.8,6.6,0.177,0.7,2.0,2.8,2.2,Jaren Jackson Jr.,11.4,0.595,0.96,0.112,106.6
165,Reggie Jackson,PG,32,TOT,68,1657,10.0,0.514,0.45,0.122,1.7,8.0,4.9,20.0,1.4,0.3,14.6,20.8,-0.6,1.2,0.6,0.018,-2.9,-1.1,-3.9,-0.8,Reggie Jackson,16.3,0.257,0.854,0.008,111.7
166,LeBron James,PF,38,LAL,55,1954,23.9,0.583,0.309,0.268,3.7,20.8,12.5,33.5,1.2,1.4,11.6,33.3,3.2,2.4,5.6,0.138,5.5,0.6,6.1,4.0,LeBron James,12.8,0.395,0.628,0.062,111.0
167,Ty Jerome,SG,25,GSW,45,816,12.8,0.594,0.372,0.169,1.0,9.4,5.3,22.1,1.3,0.5,10.3,14.9,1.4,0.7,2.1,0.124,-1.1,0.3,-0.8,0.3,Ty Jerome,14.7,0.41,0.857,0.0,116.3
168,Isaiah Joe,SG,23,OKC,73,1395,14.5,0.626,0.776,0.197,2.0,11.6,6.7,8.7,1.6,0.5,6.6,17.7,2.5,1.3,3.8,0.131,1.3,-0.4,0.9,1.0,Isaiah Joe,22.6,0.714,0.95,0.016,112.2
169,Cameron Johnson,PF,26,TOT,42,1199,17.1,0.617,0.538,0.253,3.2,14.0,8.6,9.6,2.0,1.0,6.6,20.6,2.1,1.4,3.5,0.142,2.0,0.6,2.6,1.4,Cameron Johnson,17.0,0.6,0.971,0.049,108.7
170,Jalen Johnson,SF,21,ATL,70,1042,14.1,0.554,0.323,0.242,5.3,24.6,14.8,10.4,1.7,2.8,10.3,16.0,0.8,1.3,2.1,0.099,-1.2,1.5,0.3,0.6,Jalen Johnson,11.2,0.625,1.0,0.152,110.8
171,Keldon Johnson,SF,23,SAS,63,2063,15.3,0.551,0.366,0.294,2.9,14.4,8.4,13.7,1.1,0.4,9.6,27.9,0.7,0.5,1.3,0.03,0.7,-2.5,-1.8,0.1,Keldon Johnson,12.7,0.509,0.903,0.022,121.4
172,Keon Johnson,SG,20,POR,40,416,9.0,0.482,0.455,0.23,3.0,9.2,6.1,20.9,2.2,1.3,18.0,25.0,-0.7,0.2,-0.5,-0.057,-3.8,-1.6,-5.4,-0.4,Keon Johnson,15.4,0.308,0.607,0.028,119.3
173,Stanley Johnson,SF,26,SAS,30,469,13.5,0.625,0.328,0.32,4.9,17.7,11.1,19.0,1.6,1.1,19.2,15.2,0.5,0.3,0.7,0.076,-0.8,-0.2,-1.0,0.1,Stanley Johnson,12.1,0.468,0.944,0.016,118.5
174,Damian Jones,C,27,TOT,41,477,12.9,0.719,0.198,0.337,9.7,17.7,13.8,4.1,0.8,3.7,18.9,10.7,0.7,0.5,1.2,0.119,-2.0,0.3,-1.7,0.0,Damian Jones,7.2,0.733,0.9,0.302,112.6
175,Derrick Jones Jr.,PF,25,CHI,64,893,13.8,0.597,0.348,0.365,7.7,11.6,9.7,5.1,1.6,4.0,8.6,14.5,1.2,1.2,2.4,0.131,-1.2,0.8,-0.4,0.3,Derrick Jones Jr.,9.7,0.739,1.0,0.178,106.0
176,Herbert Jones,PF,24,NOP,66,1951,12.1,0.567,0.333,0.321,5.6,10.0,7.8,11.1,2.6,2.1,13.3,14.5,1.5,2.7,4.2,0.104,-1.9,1.7,-0.3,0.8,Herbert Jones,10.9,0.67,0.964,0.086,111.8
177,Kai Jones,C,22,CHO,46,550,10.8,0.597,0.158,0.217,7.0,17.0,11.9,3.7,1.5,4.7,19.1,12.4,0.0,0.7,0.7,0.062,-4.8,0.8,-4.0,-0.3,Kai Jones,7.2,0.619,1.0,0.408,108.4
178,Tre Jones,PG,23,SAS,68,1984,16.0,0.534,0.213,0.231,3.0,10.8,6.7,31.5,2.1,0.4,11.8,19.3,2.6,0.8,3.4,0.082,-0.2,-0.8,-1.0,0.5,Tre Jones,10.7,0.26,0.867,0.004,118.8
179,Tyus Jones,PG,26,MEM,80,1940,16.0,0.546,0.459,0.141,1.5,9.4,5.5,28.8,2.0,0.3,8.9,17.7,3.4,2.3,5.7,0.141,1.2,0.3,1.6,1.7,Tyus Jones,16.6,0.284,0.793,0.0,111.6
180,DeAndre Jordan,C,34,DEN,39,586,14.7,0.731,0.009,0.417,10.5,28.6,19.8,7.7,1.0,3.5,26.1,13.7,0.5,0.9,1.4,0.112,-2.4,0.7,-1.8,0.0,DeAndre Jordan,2.2,0.759,1.0,0.565,115.4
181,Cory Joseph,PG,31,DET,62,1227,12.1,0.558,0.513,0.205,1.8,7.9,4.8,25.4,1.3,0.6,12.8,15.2,1.5,0.3,1.8,0.07,-0.7,-0.8,-1.5,0.2,Cory Joseph,17.3,0.25,0.771,0.0,113.8
182,Luke Kennard,SG,26,TOT,59,1315,13.0,0.684,0.704,0.102,1.2,11.8,6.6,9.4,1.2,0.3,10.3,14.5,2.2,1.2,3.4,0.124,0.6,-0.1,0.5,0.8,Luke Kennard,20.9,0.6,0.94,0.0,109.1
183,Walker Kessler,C,21,UTA,74,1703,21.5,0.702,0.007,0.384,14.9,24.4,19.7,5.7,0.7,8.6,10.7,13.3,4.6,2.5,7.1,0.2,1.4,1.5,2.9,2.1,Walker Kessler,2.7,0.67,1.0,0.343,112.7
184,Corey Kispert,SF,23,WAS,74,2093,11.5,0.657,0.656,0.15,1.8,8.9,5.5,5.7,0.7,0.4,8.1,14.1,2.9,0.9,3.8,0.088,-0.1,-1.4,-1.5,0.2,Corey Kispert,18.8,0.766,0.982,0.029,115.6
185,Maxi Kleber,PF,31,DAL,37,930,8.7,0.592,0.663,0.225,3.7,13.3,8.4,7.5,0.6,2.9,12.7,10.3,0.7,0.6,1.3,0.067,-2.2,0.0,-2.2,0.0,Maxi Kleber,18.1,0.868,0.974,0.077,113.6
186,Christian Koloko,C,22,TOR,58,802,11.4,0.517,0.08,0.393,11.1,13.3,12.1,5.0,1.3,6.9,10.2,10.4,0.7,1.0,1.7,0.104,-4.3,0.8,-3.5,-0.3,Christian Koloko,4.9,0.704,1.0,0.32,103.7
187,John Konchar,SF,26,MEM,72,1494,10.8,0.542,0.553,0.113,4.5,17.4,11.0,8.2,2.4,1.5,9.9,10.4,1.0,2.5,3.5,0.111,-1.9,2.4,0.5,0.9,John Konchar,15.3,0.769,0.95,0.028,107.5
188,Luke Kornet,C,27,BOS,69,804,16.7,0.697,0.076,0.229,11.9,14.8,13.4,9.1,0.7,4.9,11.8,11.5,2.1,1.2,3.3,0.198,-0.4,1.3,1.0,0.6,Luke Kornet,4.6,0.764,1.0,0.376,107.9
189,Jonathan Kuminga,PF,20,GSW,67,1394,13.3,0.597,0.294,0.278,5.6,12.5,9.1,12.7,1.4,2.0,14.6,19.6,1.0,1.4,2.4,0.084,-1.7,-0.1,-1.7,0.1,Jonathan Kuminga,10.7,0.643,0.944,0.189,113.0
190,Kyle Kuzma,PF,27,WAS,64,2239,14.3,0.544,0.421,0.208,2.8,19.5,11.5,16.5,0.8,1.1,13.2,27.9,-1.0,1.9,0.9,0.019,-0.2,-1.5,-1.7,0.2,Kyle Kuzma,15.2,0.466,0.781,0.036,112.6
191,Anthony Lamb,SF,25,GSW,62,1195,10.9,0.61,0.634,0.191,5.3,14.4,9.9,10.5,1.1,1.5,13.7,13.8,1.2,1.2,2.4,0.096,-1.6,0.4,-1.1,0.3,Anthony Lamb,17.8,0.68,0.986,0.045,110.8
192,Jock Landale,C,27,PHO,69,979,16.4,0.595,0.249,0.312,13.2,18.6,15.8,10.1,0.8,2.7,13.3,19.3,1.5,1.2,2.7,0.132,-0.7,-0.4,-1.1,0.2,Jock Landale,9.8,0.771,1.0,0.139,105.1
193,Romeo Langford,SG,23,SAS,43,844,10.4,0.524,0.236,0.216,7.1,7.7,7.4,7.9,1.3,1.3,9.6,15.4,0.3,0.2,0.5,0.029,-2.6,-1.5,-4.2,-0.5,Romeo Langford,10.1,0.543,1.0,0.054,115.5
194,Jake LaRavia,PF,21,MEM,35,414,6.7,0.531,0.747,0.095,4.9,11.3,8.1,6.2,1.4,0.9,15.4,11.7,0.0,0.5,0.5,0.054,-3.9,0.4,-3.5,-0.2,Jake LaRavia,20.1,0.846,1.0,0.042,113.9
195,Zach LaVine,SG,27,CHI,77,2768,19.0,0.607,0.392,0.308,1.7,12.2,7.1,18.7,1.2,0.6,11.0,28.3,4.2,2.9,7.1,0.123,2.7,-0.7,1.9,2.7,Zach LaVine,14.9,0.335,0.647,0.042,111.7
196,Damion Lee,SG,30,PHO,74,1506,10.7,0.607,0.546,0.23,2.8,14.0,8.3,8.9,1.0,0.4,13.5,16.3,1.1,1.4,2.6,0.081,-1.3,-0.4,-1.7,0.1,Damion Lee,17.5,0.7,0.991,0.004,107.3
197,Saben Lee,PG,23,TOT,25,373,13.1,0.517,0.248,0.471,3.8,9.7,6.7,24.3,2.5,0.2,14.1,19.5,0.2,0.4,0.7,0.088,-2.7,0.9,-1.8,0.0,Saben Lee,9.4,0.263,0.818,0.05,105.1
198,Kawhi Leonard,SF,31,LAC,52,1748,23.9,0.623,0.287,0.32,3.7,17.8,10.8,19.6,2.0,1.4,8.1,27.0,4.9,2.2,7.1,0.194,5.1,0.9,6.1,3.5,Kawhi Leonard,14.9,0.333,0.644,0.049,112.1
199,Caris LeVert,SG,28,CLE,74,2237,12.4,0.546,0.437,0.243,2.8,12.1,7.4,18.0,1.6,1.0,12.4,18.7,1.4,3.1,4.4,0.095,-1.0,0.8,-0.2,1.0,Caris LeVert,14.7,0.373,0.709,0.043,108.5
200,Damian Lillard,PG,32,POR,58,2107,26.7,0.645,0.547,0.464,2.4,12.8,7.6,35.0,1.2,0.8,11.7,33.8,8.2,0.8,9.0,0.205,8.3,-1.2,7.1,4.9,Damian Lillard,17.9,0.157,0.516,0.012,117.4
201,Nassir Little,SF,22,POR,54,976,10.2,0.555,0.521,0.152,3.2,13.5,8.3,7.3,1.0,1.8,10.0,16.0,0.2,0.4,0.7,0.032,-1.6,-1.4,-3.0,-0.3,Nassir Little,17.1,0.592,0.948,0.053,119.9
202,Isaiah Livers,PF,24,DET,52,1199,8.4,0.567,0.705,0.135,2.5,11.0,6.6,4.8,1.1,2.1,9.0,11.9,0.5,0.5,1.0,0.041,-2.1,-0.3,-2.4,-0.1,Isaiah Livers,20.7,0.696,0.932,0.031,115.6
203,Kevon Looney,C,26,GSW,82,1958,17.8,0.639,0.003,0.404,15.7,26.8,21.4,13.8,1.3,2.2,9.1,10.6,5.9,2.8,8.7,0.212,0.9,1.3,2.1,2.0,Kevon Looney,3.5,0.669,0.0,0.177,112.0
204,Brook Lopez,C,34,MIL,78,2373,18.4,0.63,0.405,0.211,7.2,15.3,11.4,6.1,0.7,6.7,9.8,19.3,4.1,3.9,8.0,0.161,0.8,1.3,2.1,2.5,Brook Lopez,14.0,0.745,0.971,0.087,106.6
205,Kevin Love,PF,34,TOT,62,1240,13.1,0.548,0.698,0.215,5.5,32.6,18.9,13.2,0.6,0.9,13.1,19.2,0.6,2.0,2.6,0.099,0.2,0.4,0.6,0.8,Kevin Love,20.2,0.576,0.939,0.012,109.8
206,Kyle Lowry,PG,36,MIA,55,1718,12.6,0.565,0.639,0.278,2.8,12.9,7.7,23.4,1.7,1.2,15.9,16.7,1.5,1.9,3.4,0.096,-0.7,0.8,0.2,0.9,Kyle Lowry,19.4,0.292,0.757,0.0,111.3
207,Trey Lyles,PF,27,SAC,74,1247,14.2,0.607,0.588,0.304,6.3,21.1,13.7,7.0,1.0,2.2,12.2,18.1,1.4,1.2,2.6,0.098,0.0,-0.9,-1.0,0.3,Trey Lyles,15.8,0.69,0.989,0.088,112.3
208,Sandro Mamukelashvili,C,23,TOT,43,660,13.4,0.516,0.43,0.248,11.2,19.0,15.1,12.8,1.0,1.5,12.1,18.2,0.4,0.5,0.9,0.063,-1.1,-1.3,-2.4,-0.1,Sandro Mamukelashvili,13.2,0.642,1.0,0.048,116.4
209,Terance Mann,SG,26,LAC,81,1872,13.4,0.619,0.378,0.225,4.7,11.8,8.3,14.0,1.1,1.0,12.2,15.3,2.8,1.5,4.3,0.111,-0.3,0.1,-0.2,0.8,Terance Mann,12.5,0.554,0.883,0.107,113.5
210,Tre Mann,PG,21,OKC,67,1183,10.0,0.492,0.513,0.11,2.4,11.8,7.0,14.0,1.6,0.9,10.6,20.7,-0.6,1.1,0.5,0.021,-3.0,-1.0,-3.9,-0.6,Tre Mann,17.2,0.267,0.605,0.012,108.2
211,Lauri Markkanen,PF,25,UTA,66,2273,22.1,0.64,0.446,0.348,6.3,20.7,13.6,8.6,0.9,1.4,8.8,26.6,6.3,1.9,8.2,0.173,4.9,-1.0,3.8,3.3,Lauri Markkanen,14.6,0.65,0.935,0.112,113.6
212,Naji Marshall,SF,25,NOP,77,1792,11.4,0.539,0.382,0.306,3.0,14.6,8.8,14.4,1.5,0.7,13.0,17.8,0.5,2.0,2.5,0.068,-1.9,0.0,-1.9,0.1,Naji Marshall,13.3,0.53,0.985,0.026,111.4
213,Caleb Martin,SF,27,MIA,71,2077,11.4,0.571,0.431,0.206,4.8,15.0,9.7,8.2,1.7,1.5,11.5,14.4,1.2,2.5,3.7,0.086,-1.8,0.5,-1.2,0.4,Caleb Martin,15.0,0.612,0.857,0.053,110.7
214,Kenyon Martin Jr.,SF,22,HOU,82,2292,15.4,0.635,0.3,0.308,6.0,15.8,10.8,8.1,0.9,1.3,10.0,16.4,4.2,0.7,4.9,0.103,0.6,-1.3,-0.7,0.7,Kenyon Martin Jr.,9.7,0.772,1.0,0.275,118.7
215,Garrison Mathews,SG,26,TOT,54,686,9.7,0.573,0.896,0.264,1.7,10.0,5.8,5.1,1.7,0.7,7.8,14.7,0.7,0.3,1.0,0.067,-2.0,-0.4,-2.4,-0.1,Garrison Mathews,23.8,0.5,0.952,0.01,109.5
216,Bennedict Mathurin,SG,20,IND,78,2222,13.1,0.566,0.326,0.477,4.4,11.5,7.9,7.6,1.0,0.5,11.7,24.6,1.0,0.8,1.8,0.038,-1.2,-2.5,-3.7,-1.0,Bennedict Mathurin,12.2,0.601,0.74,0.035,115.8
217,Wesley Matthews,SF,36,MIL,52,820,7.0,0.519,0.775,0.175,4.5,9.7,7.2,5.1,1.2,1.3,9.5,9.8,0.3,0.9,1.2,0.073,-3.4,0.8,-2.7,-0.1,Wesley Matthews,21.0,0.842,0.974,0.0,108.3
218,Tyrese Maxey,SG,22,PHI,60,2016,17.0,0.605,0.404,0.233,1.4,8.8,5.2,16.9,1.2,0.4,7.4,24.1,3.7,1.6,5.4,0.128,1.9,-1.2,0.6,1.3,Tyrese Maxey,14.7,0.444,0.725,0.014,112.6
219,Miles McBride,PG,22,NYK,64,760,8.4,0.475,0.623,0.195,1.9,5.4,3.6,12.4,2.4,1.0,9.7,14.6,0.0,0.7,0.7,0.047,-3.6,1.4,-2.3,-0.1,Miles McBride,18.6,0.541,0.875,0.028,107.3
220,CJ McCollum,SG,31,NOP,75,2649,15.6,0.541,0.404,0.177,2.4,11.7,7.0,25.1,1.3,1.4,11.2,26.4,1.5,2.8,4.3,0.078,1.5,-0.7,0.8,1.9,CJ McCollum,16.2,0.303,0.758,0.004,113.5
221,T.J. McConnell,PG,30,IND,75,1526,16.8,0.59,0.113,0.131,3.3,13.7,8.5,37.9,2.5,0.6,20.6,19.1,1.9,1.2,3.1,0.098,0.4,0.1,0.5,1.0,T.J. McConnell,8.6,0.237,0.692,0.0,112.9
222,Jaden McDaniels,SF,22,MIN,79,2416,12.0,0.611,0.376,0.201,4.3,9.8,7.1,8.4,1.5,2.7,12.6,15.8,2.0,2.4,4.4,0.087,-1.7,0.5,-1.2,0.5,Jaden McDaniels,12.5,0.658,0.991,0.115,111.6
223,Jalen McDaniels,SF,25,TOT,80,1913,11.8,0.557,0.376,0.224,3.6,16.3,9.9,9.6,2.1,1.6,12.1,17.2,0.5,2.2,2.7,0.068,-2.7,0.6,-2.1,-0.1,Jalen McDaniels,12.4,0.578,0.974,0.076,113.9
224,Doug McDermott,SF,31,SAS,64,1314,11.2,0.59,0.57,0.134,1.9,9.9,5.8,9.8,0.5,0.4,9.5,19.2,1.0,0.0,1.0,0.035,-0.7,-2.5,-3.2,-0.4,Doug McDermott,17.3,0.845,0.984,0.027,118.4
225,Bryce McGowens,SG,20,CHO,46,787,7.2,0.519,0.396,0.396,2.7,10.1,6.3,9.1,0.9,0.7,15.3,15.0,-0.4,0.4,0.1,0.005,-4.6,-1.4,-6.0,-0.8,Bryce McGowens,13.0,0.648,0.923,0.059,112.3
226,Rodney McGruder,SG,31,DET,32,524,10.7,0.566,0.638,0.145,4.1,11.8,7.8,7.6,1.5,0.2,6.4,14.0,0.5,0.2,0.7,0.068,-0.8,-0.7,-1.5,0.1,Rodney McGruder,18.1,0.667,0.951,0.007,114.9
227,Jordan McLaughlin,PG,26,MIN,43,678,11.8,0.526,0.538,0.124,2.5,7.6,5.1,27.4,2.2,0.5,17.7,11.7,0.7,0.6,1.3,0.094,-1.3,0.6,-0.7,0.2,Jordan McLaughlin,16.7,0.73,0.833,0.0,105.9
228,De'Anthony Melton,SG,24,PHI,77,2150,12.7,0.566,0.619,0.134,3.9,13.1,8.6,12.9,2.9,1.8,12.9,16.4,1.1,3.1,4.2,0.095,-0.7,1.6,0.9,1.6,De'Anthony Melton,18.0,0.483,0.879,0.011,112.8
229,Chimezie Metu,PF,25,SAC,66,689,17.3,0.639,0.174,0.333,7.8,24.9,16.4,8.1,1.5,2.7,11.3,17.6,1.2,0.8,2.1,0.143,-0.3,0.2,-0.1,0.3,Chimezie Metu,7.5,0.783,1.0,0.329,107.3
230,Khris Middleton,SF,31,MIL,33,801,17.4,0.551,0.399,0.251,3.8,14.0,9.1,30.7,1.4,0.5,13.6,27.4,1.0,1.0,1.9,0.117,1.0,-0.3,0.8,0.6,Khris Middleton,16.4,0.333,0.608,0.002,108.8
231,Patty Mills,PG,34,BRK,40,567,10.6,0.554,0.641,0.144,1.6,7.0,4.4,13.9,1.3,0.5,11.9,19.7,0.0,0.4,0.4,0.035,-1.4,-1.7,-3.1,-0.2,Patty Mills,20.9,0.568,0.857,0.0,117.0
232,Shake Milton,SG,26,PHI,76,1567,12.7,0.575,0.294,0.231,3.0,11.3,7.2,22.3,0.8,0.8,14.5,18.5,1.6,1.2,2.9,0.087,-1.0,-0.9,-2.0,0.0,Shake Milton,12.0,0.416,0.911,0.008,110.2
233,Davion Mitchell,PG,24,SAC,80,1447,9.4,0.545,0.494,0.078,1.3,7.0,4.1,16.5,1.5,0.9,13.1,14.1,0.7,0.8,1.5,0.05,-2.4,-0.4,-2.8,-0.3,Davion Mitchell,16.4,0.449,0.873,0.005,111.8
234,Donovan Mitchell,SG,26,CLE,68,2432,22.9,0.614,0.453,0.262,3.1,10.9,7.0,21.4,2.0,1.0,10.3,32.1,5.4,3.5,8.9,0.176,5.6,0.6,6.3,5.0,Donovan Mitchell,16.3,0.26,0.482,0.029,110.4
235,Evan Mobley,PF,21,CLE,79,2715,17.9,0.591,0.108,0.321,8.1,22.7,15.4,12.4,1.1,4.0,11.9,20.2,3.7,4.8,8.5,0.151,0.0,1.6,1.7,2.5,Evan Mobley,7.3,0.74,1.0,0.239,109.0
236,Malik Monk,SG,24,SAC,77,1719,16.6,0.587,0.5,0.26,2.1,11.3,6.7,25.0,1.4,1.0,14.1,25.8,2.1,1.2,3.2,0.091,1.6,-1.4,0.3,1.0,Malik Monk,15.8,0.528,0.832,0.05,112.7
237,Moses Moody,SG,20,GSW,63,817,10.3,0.603,0.595,0.233,3.8,10.2,7.1,8.2,1.0,0.8,12.0,14.6,0.7,0.6,1.3,0.076,-1.7,-0.9,-2.6,-0.1,Moses Moody,17.1,0.695,0.98,0.101,111.3
238,Ja Morant,PG,23,MEM,61,1948,23.3,0.557,0.247,0.409,3.3,16.1,9.7,41.1,1.6,0.7,12.6,34.9,3.4,2.6,6.0,0.148,5.2,0.5,5.7,3.8,Ja Morant,11.1,0.181,0.533,0.058,108.5
239,Markieff Morris,PF,33,TOT,35,355,10.4,0.553,0.617,0.087,4.2,18.2,11.3,12.2,1.2,1.2,13.1,17.2,0.1,0.4,0.4,0.059,-2.3,-0.4,-2.7,-0.1,Markieff Morris,19.7,0.737,1.0,0.009,109.5
240,Monte Morris,PG,27,WAS,62,1695,15.0,0.579,0.396,0.15,1.8,11.6,6.9,26.4,1.2,0.6,9.9,15.6,3.1,1.1,4.2,0.12,0.8,-0.4,0.5,1.1,Monte Morris,16.2,0.29,0.769,0.0,117.3
241,Trey Murphy III,SF,22,NOP,79,2448,15.2,0.65,0.621,0.238,2.7,10.3,6.5,6.4,1.8,1.7,6.5,16.6,4.8,2.8,7.6,0.15,1.4,0.4,1.8,2.3,Trey Murphy III,18.0,0.67,0.96,0.124,112.8
242,Dejounte Murray,SG,26,ATL,74,2693,17.0,0.54,0.293,0.144,2.1,13.8,7.9,24.0,2.0,0.6,10.2,24.4,2.4,2.3,4.7,0.084,1.1,0.0,1.0,2.1,Dejounte Murray,14.6,0.194,0.729,0.016,115.4
243,Jamal Murray,PG,25,DEN,65,2133,18.0,0.571,0.415,0.207,2.7,11.0,6.9,27.5,1.5,0.7,11.3,26.1,3.3,1.9,5.1,0.116,2.6,-1.3,1.3,1.8,Jamal Murray,16.5,0.329,0.605,0.019,112.5
244,Keegan Murray,SF,22,SAC,80,2382,12.3,0.597,0.641,0.104,4.3,13.4,8.9,5.5,1.2,1.5,6.8,15.8,2.6,1.7,4.3,0.087,0.4,-1.0,-0.6,0.8,Keegan Murray,18.1,0.709,0.976,0.058,117.1
245,Mike Muscala,C,31,TOT,63,945,13.0,0.608,0.709,0.178,4.2,19.1,11.6,7.1,0.8,2.3,6.8,15.1,1.4,1.1,2.5,0.128,-0.3,-0.1,-0.4,0.4,Mike Muscala,20.6,0.86,0.988,0.021,107.6
246,Svi Mykhailiuk,SF,25,TOT,32,468,14.0,0.584,0.572,0.225,3.4,8.9,6.1,16.5,1.5,0.7,11.2,19.3,0.5,0.3,0.8,0.081,0.5,-0.7,-0.1,0.2,Svi Mykhailiuk,17.2,0.543,0.833,0.029,108.5
247,Larry Nance Jr.,C,30,NOP,65,1381,16.0,0.649,0.138,0.259,8.7,20.3,14.5,11.7,2.0,2.6,11.0,11.9,2.8,2.1,4.9,0.171,0.0,2.0,2.0,1.4,Larry Nance Jr.,6.9,0.762,1.0,0.223,107.4
248,Andrew Nembhard,SG,23,IND,75,2073,10.0,0.528,0.408,0.096,1.9,8.8,5.3,22.4,1.6,0.5,15.8,16.1,0.4,0.8,1.2,0.029,-2.4,-0.8,-3.2,-0.6,Andrew Nembhard,15.4,0.406,0.913,0.002,118.2
249,Aaron Nesmith,SF,23,IND,73,1816,10.5,0.566,0.532,0.241,3.8,13.1,8.5,7.4,1.4,1.6,10.3,16.8,0.9,1.1,2.0,0.052,-2.3,-0.7,-3.0,-0.4,Aaron Nesmith,15.5,0.701,0.965,0.042,118.5
250,Raul Neto,PG,30,CLE,48,505,12.6,0.628,0.382,0.309,2.3,8.4,5.4,21.0,1.7,0.7,16.1,13.2,0.8,0.6,1.5,0.142,-1.7,1.5,-0.2,0.2,Raul Neto,13.2,0.444,0.917,0.0,109.8
251,Georges Niang,PF,29,PHI,78,1512,10.9,0.61,0.765,0.09,1.5,12.8,7.2,7.3,1.0,0.9,9.4,17.0,1.1,1.4,2.5,0.078,-0.4,-1.0,-1.4,0.2,Georges Niang,20.8,0.75,1.0,0.0,111.1
252,Daishen Nix,PG,20,HOU,57,914,5.3,0.447,0.591,0.152,2.1,9.7,5.9,19.2,1.6,0.7,25.4,15.4,-1.5,0.3,-1.2,-0.062,-5.0,-1.5,-6.5,-1.0,Daishen Nix,17.4,0.439,0.825,0.013,114.4
253,Zeke Nnaji,PF,22,DEN,53,728,12.5,0.62,0.332,0.316,10.5,11.2,10.9,3.3,1.1,2.8,12.2,15.2,0.9,0.7,1.6,0.106,-2.7,-0.9,-3.7,-0.3,Zeke Nnaji,9.9,0.72,1.0,0.168,107.4
254,Jaylen Nowell,SG,23,MIN,65,1252,13.7,0.527,0.371,0.158,3.3,11.7,7.6,15.9,1.6,0.3,8.9,25.0,0.0,1.2,1.2,0.046,-1.5,-1.0,-2.5,-0.2,Jaylen Nowell,13.5,0.469,0.716,0.024,111.3
255,Frank Ntilikina,SG,24,DAL,47,607,5.2,0.461,0.508,0.25,1.3,10.7,5.9,12.8,1.3,1.0,16.5,13.1,-0.5,0.4,-0.1,-0.01,-6.1,-0.7,-6.7,-0.7,Frank Ntilikina,16.9,0.581,0.941,0.0,108.4
256,Kendrick Nunn,SG,27,TOT,70,964,11.1,0.53,0.496,0.091,1.8,10.3,6.2,13.8,1.4,0.6,12.4,23.7,-0.6,0.8,0.2,0.008,-2.0,-1.5,-3.5,-0.4,Kendrick Nunn,17.0,0.366,0.696,0.022,112.6
257,Jordan Nwora,SF,24,TOT,62,1188,12.2,0.561,0.474,0.193,4.7,15.8,10.4,10.5,1.0,1.0,12.0,19.4,0.5,1.0,1.5,0.06,-0.8,-1.3,-2.1,0.0,Jordan Nwora,15.5,0.565,0.93,0.04,117.2
258,Royce O'Neale,SF,29,BRK,76,2409,9.2,0.538,0.707,0.116,2.6,15.0,9.0,15.3,1.3,1.7,15.5,13.6,0.4,2.5,2.9,0.057,-1.7,0.6,-1.1,0.5,Royce O'Neale,19.6,0.394,0.975,0.01,111.8
259,Chuma Okeke,SF,24,ORL,27,518,9.1,0.488,0.705,0.172,5.7,15.3,10.5,9.4,1.8,2.1,11.5,12.3,0.0,0.6,0.7,0.061,-2.4,0.8,-1.6,0.1,Chuma Okeke,19.6,0.588,0.923,0.049,116.5
260,Josh Okogie,SG,24,PHO,72,1350,13.3,0.531,0.476,0.464,8.8,11.9,10.3,10.3,2.0,2.3,11.2,17.7,1.1,1.7,2.8,0.101,-0.8,0.5,-0.2,0.6,Josh Okogie,14.4,0.448,0.939,0.087,108.0
261,Onyeka Okongwu,C,22,ATL,80,1849,19.4,0.678,0.026,0.394,12.7,21.5,17.0,5.8,1.4,4.9,12.2,15.1,4.7,2.4,7.1,0.185,0.0,0.8,0.8,1.3,Onyeka Okongwu,4.6,0.712,1.0,0.209,112.4
262,Isaac Okoro,SF,22,CLE,76,1652,10.7,0.614,0.483,0.291,3.7,9.6,6.7,7.0,1.7,1.7,9.5,11.9,1.9,2.3,4.2,0.122,-1.9,1.6,-0.3,0.7,Isaac Okoro,12.8,0.752,0.952,0.099,109.0
263,Victor Oladipo,SG,30,MIA,42,1106,10.6,0.513,0.526,0.196,1.6,12.3,6.8,19.8,2.6,1.1,16.6,21.1,-0.9,1.5,0.6,0.024,-2.9,0.8,-2.1,0.0,Victor Oladipo,17.2,0.289,0.614,0.012,111.5
264,Kelly Olynyk,C,31,UTA,68,1942,14.4,0.643,0.424,0.417,4.6,18.6,11.7,17.6,1.5,1.6,20.3,17.8,2.4,1.9,4.3,0.106,-0.4,0.9,0.4,1.2,Kelly Olynyk,14.5,0.643,0.968,0.025,116.0
265,Eugene Omoruyi,SF,25,TOT,40,645,10.9,0.533,0.39,0.329,7.1,11.8,9.4,6.3,2.1,0.4,11.5,19.3,0.1,0.5,0.6,0.042,-3.5,-0.9,-4.4,-0.4,Eugene Omoruyi,11.7,0.618,1.0,0.053,113.1
266,Cedi Osman,SF,27,CLE,77,1548,12.0,0.579,0.589,0.204,1.9,11.5,6.7,10.6,1.1,0.7,8.3,18.2,1.4,1.9,3.3,0.103,-0.8,0.2,-0.7,0.5,Cedi Osman,16.8,0.764,0.879,0.013,108.0
267,Kelly Oubre Jr.,SF,27,CHO,48,1548,14.8,0.534,0.414,0.254,4.4,12.9,8.6,5.6,2.1,1.0,6.6,26.5,0.1,1.5,1.7,0.051,-0.4,-0.7,-1.1,0.3,Kelly Oubre Jr.,13.8,0.539,0.917,0.067,115.3
268,Chris Paul,PG,37,PHO,59,1889,17.7,0.555,0.391,0.24,1.6,13.4,7.4,38.7,2.4,1.0,13.4,19.2,3.7,2.5,6.2,0.156,2.0,1.2,3.2,2.5,Chris Paul,18.0,0.163,0.551,0.0,112.5
269,Cameron Payne,PG,28,PHO,48,968,13.2,0.512,0.408,0.141,1.3,11.0,6.1,32.6,1.7,0.7,14.4,24.8,0.0,1.0,1.1,0.053,-0.5,-0.7,-1.2,0.2,Cameron Payne,15.8,0.3,0.662,0.0,111.4
270,Gary Payton II,SG,30,TOT,22,367,13.3,0.701,0.377,0.101,7.4,13.9,10.6,11.0,2.9,1.2,18.2,10.3,0.6,0.4,1.0,0.125,-1.2,1.5,0.3,0.2,Gary Payton II,10.5,0.714,1.0,0.087,118.3
271,Mason Plumlee,C,32,TOT,79,2054,19.6,0.689,0.0,0.647,11.8,25.1,18.4,17.3,1.1,2.0,15.8,15.2,5.5,2.4,7.9,0.185,1.2,1.0,2.2,2.2,Mason Plumlee,2.7,0.657,0.0,0.26,117.4
272,Jakob Poeltl,C,27,TOT,72,1906,21.0,0.635,0.002,0.325,13.0,25.5,19.0,15.2,1.7,4.0,15.0,18.2,3.7,2.2,6.0,0.15,1.1,0.8,1.9,1.9,Jakob Poeltl,4.8,0.656,0.0,0.045,115.5
273,Aleksej Pokusevski,PF,21,OKC,34,701,13.4,0.522,0.418,0.141,6.8,17.8,12.2,12.4,1.4,5.7,14.0,18.3,0.0,1.0,1.0,0.066,-1.0,1.0,0.0,0.3,Aleksej Pokusevski,13.2,0.6,0.974,0.056,118.3
274,Jordan Poole,PG,23,GSW,82,2458,14.6,0.573,0.498,0.325,1.5,8.5,5.0,22.5,1.2,0.8,14.7,29.2,1.4,1.9,3.2,0.063,-0.1,-1.8,-1.9,0.1,Jordan Poole,17.3,0.446,0.701,0.024,111.8
275,Kevin Porter Jr.,PG,22,HOU,59,2024,16.2,0.565,0.436,0.299,4.1,13.1,8.5,25.7,2.0,0.8,15.8,24.3,1.9,1.0,2.9,0.068,1.4,-0.8,0.6,1.3,Kevin Porter Jr.,15.7,0.18,0.525,0.054,119.5
276,Michael Porter Jr.,SF,24,DEN,62,1798,16.8,0.621,0.556,0.147,4.2,17.2,10.9,5.3,1.0,1.4,7.3,22.7,2.6,1.8,4.3,0.116,2.0,-1.8,0.2,1.0,Michael Porter Jr.,18.0,0.767,0.926,0.053,112.2
277,Bobby Portis,PF,27,MIL,70,1818,17.8,0.575,0.32,0.156,9.2,28.6,19.3,8.7,0.8,0.7,8.6,21.7,2.5,2.8,5.3,0.139,1.2,-0.6,0.7,1.2,Bobby Portis,13.3,0.597,1.0,0.025,112.0
278,Dwight Powell,C,31,DAL,76,1458,15.5,0.738,0.019,0.625,11.8,13.3,12.5,6.9,1.6,1.6,15.9,12.6,3.8,1.3,5.1,0.168,-1.2,0.0,-1.2,0.3,Dwight Powell,2.5,0.787,0.0,0.316,113.2
279,Norman Powell,SG,29,LAC,60,1567,17.1,0.612,0.404,0.39,1.7,10.7,6.3,11.0,1.6,1.0,10.8,26.0,2.1,1.4,3.5,0.107,0.9,-0.7,0.3,0.9,Norman Powell,14.1,0.527,0.877,0.025,113.0
280,Taurean Prince,PF,28,MIN,54,1192,10.0,0.597,0.512,0.203,1.4,10.8,6.2,9.6,1.1,1.1,14.3,17.3,0.3,1.0,1.3,0.052,-2.6,-0.6,-3.3,-0.4,Taurean Prince,15.7,0.748,0.946,0.013,111.0
281,Payton Pritchard,PG,25,BOS,48,643,10.3,0.536,0.629,0.065,4.3,10.5,7.5,14.0,1.1,0.1,13.7,19.8,-0.1,0.7,0.6,0.045,-2.1,-1.2,-3.4,-0.2,Payton Pritchard,19.2,0.444,0.875,0.004,106.5
282,Immanuel Quickley,SG,23,NYK,81,2344,16.3,0.578,0.485,0.265,2.7,13.1,7.9,17.4,1.7,0.6,8.7,20.9,4.4,2.3,6.7,0.137,1.3,0.4,1.7,2.1,Immanuel Quickley,16.5,0.263,0.72,0.009,108.1
283,Julius Randle,PF,28,NYK,77,2737,20.3,0.581,0.444,0.371,5.6,25.2,15.4,18.5,0.9,0.7,11.5,29.5,5.0,3.1,8.1,0.142,3.9,-0.2,3.7,3.9,Julius Randle,15.3,0.382,0.752,0.051,115.4
284,Austin Reaves,SG,24,LAL,64,1843,14.9,0.687,0.441,0.541,2.0,9.0,5.6,15.7,0.8,0.9,14.0,16.2,4.1,1.4,5.4,0.142,0.6,0.1,0.7,1.2,Austin Reaves,15.4,0.405,0.86,0.016,110.5
285,Cam Reddish,SF,23,TOT,40,990,10.6,0.561,0.462,0.24,2.0,8.1,5.0,8.1,1.9,1.3,12.0,17.1,0.3,0.7,0.9,0.046,-2.6,-0.8,-3.4,-0.4,Cam Reddish,14.0,0.723,0.867,0.038,117.8
286,Paul Reed,C,23,PHI,69,755,19.2,0.62,0.029,0.244,17.8,23.1,20.5,5.3,3.0,6.3,16.3,16.4,1.2,1.6,2.8,0.18,-1.6,1.5,-0.1,0.4,Paul Reed,4.0,0.691,1.0,0.153,111.5
287,Naz Reid,C,23,MIN,68,1251,18.5,0.617,0.376,0.22,6.6,22.8,14.9,9.6,1.6,3.7,12.7,24.8,1.1,1.9,3.0,0.114,0.3,0.8,1.0,1.0,Naz Reid,11.8,0.655,1.0,0.066,113.3
288,Nick Richards,C,25,CHO,65,1217,18.3,0.676,0.003,0.585,12.6,24.0,18.2,4.5,0.4,5.1,13.0,15.6,2.7,1.5,4.2,0.165,-1.0,-0.2,-1.3,0.2,Nick Richards,2.6,0.638,1.0,0.3,112.0
289,Josh Richardson,SG,29,TOT,65,1530,12.3,0.555,0.529,0.146,2.9,9.9,6.3,15.8,2.2,1.2,12.7,18.4,0.6,1.1,1.8,0.055,-1.0,-0.1,-1.2,0.3,Josh Richardson,18.8,0.432,0.916,0.011,113.6
290,Austin Rivers,SG,30,MIN,52,1016,7.4,0.564,0.589,0.187,0.6,8.4,4.6,9.3,1.3,0.3,9.2,10.5,0.5,0.8,1.3,0.061,-3.3,0.5,-2.8,-0.2,Austin Rivers,15.7,0.354,0.907,0.019,114.8
291,Duncan Robinson,SF,28,MIA,42,691,7.8,0.534,0.81,0.135,1.3,10.7,5.9,9.7,1.0,0.0,10.0,17.9,-0.1,0.6,0.5,0.035,-3.5,-1.5,-5.0,-0.5,Duncan Robinson,22.3,0.92,1.0,0.0,113.8
292,Mitchell Robinson,C,24,NYK,59,1591,18.9,0.652,0.0,0.436,18.4,20.0,19.2,4.5,1.7,6.5,10.9,10.1,4.0,2.6,6.5,0.197,1.0,1.4,2.4,1.7,Mitchell Robinson,1.2,0.574,0.0,0.521,112.6
293,Orlando Robinson,C,22,MIA,31,425,13.4,0.565,0.067,0.348,12.8,22.3,17.4,8.4,1.4,2.9,13.5,12.4,0.5,0.6,1.1,0.129,-2.7,0.7,-2.1,0.0,Orlando Robinson,5.3,0.574,0.0,0.09,106.6
294,Jeremiah Robinson-Earl,PF,22,OKC,43,814,13.0,0.548,0.448,0.169,9.2,14.7,11.9,7.0,1.4,1.2,6.7,14.6,1.1,0.8,1.9,0.111,-0.8,-0.7,-1.5,0.1,Jeremiah Robinson-Earl,12.9,0.795,1.0,0.085,113.8
295,Isaiah Roby,PF,24,SAS,42,474,9.3,0.497,0.387,0.265,4.7,20.6,12.3,10.7,1.8,1.2,15.2,17.8,-0.4,0.3,-0.1,-0.011,-4.0,-0.6,-4.6,-0.3,Isaiah Roby,13.1,0.612,1.0,0.084,112.9
296,David Roddy,PF,21,MEM,70,1258,8.8,0.519,0.505,0.155,4.2,12.0,8.1,6.1,1.1,1.4,11.3,16.7,-0.3,1.4,1.1,0.043,-3.2,-0.7,-3.9,-0.6,David Roddy,14.5,0.609,0.969,0.057,112.5
297,Derrick Rose,PG,34,NYK,27,338,10.1,0.463,0.396,0.075,2.6,10.4,6.5,19.9,1.0,1.4,11.8,23.6,-0.3,0.3,0.0,-0.001,-2.2,-1.5,-3.7,-0.1,Derrick Rose,14.2,0.333,0.737,0.0,107.8
298,Terrence Ross,SG,31,TOT,63,1330,10.2,0.544,0.555,0.073,1.8,11.2,6.5,10.2,1.3,0.7,8.2,16.8,0.5,1.2,1.6,0.059,-1.8,-0.3,-2.1,0.0,Terrence Ross,19.7,0.629,0.937,0.019,114.7
299,Terry Rozier,SG,28,CHO,63,2221,14.7,0.517,0.425,0.185,2.4,10.2,6.2,22.7,1.6,0.6,9.4,26.9,0.1,1.6,1.7,0.037,0.6,-1.1,-0.6,0.8,Terry Rozier,15.1,0.326,0.655,0.003,115.6
300,Ricky Rubio,PG,32,CLE,33,566,10.4,0.442,0.461,0.197,1.9,12.7,7.3,27.1,2.3,1.0,13.8,17.7,-0.2,0.9,0.7,0.062,-3.8,1.1,-2.8,-0.1,Ricky Rubio,16.4,0.375,0.952,0.0,104.2
301,D'Angelo Russell,PG,26,TOT,71,2304,16.3,0.605,0.517,0.228,1.7,8.5,5.2,27.4,1.4,1.1,15.1,22.7,3.1,1.9,5.1,0.106,2.1,-0.7,1.5,2.0,D'Angelo Russell,17.6,0.315,0.68,0.0,112.1
302,Domantas Sabonis,C,26,SAC,79,2736,23.5,0.668,0.088,0.467,10.6,30.0,20.3,30.4,1.1,1.2,16.9,21.3,9.6,3.0,12.6,0.221,4.1,1.8,5.8,5.4,Domantas Sabonis,6.3,0.581,1.0,0.094,116.8
303,Admiral Schofield,PF,25,ORL,37,451,10.1,0.587,0.607,0.189,5.8,9.8,7.8,9.6,0.9,1.1,10.8,14.1,0.5,0.3,0.8,0.089,-2.2,-0.7,-2.9,-0.1,Admiral Schofield,16.4,0.645,0.958,0.008,113.0
304,Collin Sexton,PG,24,UTA,48,1145,15.9,0.616,0.261,0.425,3.5,6.3,5.0,17.9,1.1,0.4,13.3,23.4,2.0,0.5,2.5,0.105,0.1,-1.5,-1.3,0.2,Collin Sexton,11.1,0.328,0.729,0.021,116.3
305,Landry Shamet,SG,25,PHO,40,807,10.9,0.537,0.663,0.17,1.5,7.9,4.6,15.7,1.6,0.6,10.0,18.9,0.5,0.7,1.2,0.071,-1.1,-0.3,-1.4,0.1,Landry Shamet,19.6,0.605,0.88,0.013,107.7
306,Day'Ron Sharpe,C,21,BRK,48,552,17.8,0.581,0.064,0.322,20.6,20.1,20.4,9.7,1.3,5.0,17.7,19.0,0.8,0.8,1.6,0.139,-1.8,-0.6,-2.3,0.0,Day'Ron Sharpe,3.8,0.632,0.833,0.228,119.0
307,Shaedon Sharpe,SG,19,POR,80,1779,11.5,0.568,0.437,0.162,4.0,11.3,7.6,7.9,1.0,1.2,10.7,19.0,0.6,0.6,1.2,0.032,-1.3,-2.0,-3.3,-0.6,Shaedon Sharpe,15.0,0.559,0.882,0.108,118.4
308,Pascal Siakam,PF,28,TOR,71,2652,20.3,0.565,0.219,0.361,5.2,19.6,11.9,24.9,1.2,1.3,10.0,27.2,5.2,2.6,7.8,0.141,3.3,-0.1,3.1,3.4,Pascal Siakam,12.3,0.317,0.86,0.026,113.3
309,Ben Simmons,PG,26,BRK,42,1105,13.4,0.559,0.009,0.243,4.2,22.2,13.4,31.3,2.4,1.9,27.2,14.3,0.5,1.7,2.2,0.097,-2.2,2.6,0.4,0.7,Ben Simmons,4.8,0.617,0.0,0.157,112.5
310,Anfernee Simons,SG,23,POR,62,2171,14.8,0.581,0.538,0.171,0.9,7.6,4.3,18.6,0.9,0.6,10.2,25.1,2.1,0.3,2.5,0.054,1.3,-2.5,-1.1,0.5,Anfernee Simons,17.9,0.29,0.684,0.029,115.7
311,Jericho Sims,C,24,NYK,52,812,13.8,0.78,0.009,0.15,13.3,19.4,16.4,4.0,0.9,3.2,19.1,7.4,1.6,0.9,2.6,0.153,-1.0,0.5,-0.5,0.3,Jericho Sims,2.5,0.711,0.0,0.626,114.9
312,Marcus Smart,PG,28,BOS,61,1957,12.1,0.538,0.568,0.196,2.6,8.0,5.3,26.4,2.3,1.0,17.9,17.8,1.0,2.7,3.7,0.092,-1.8,0.8,-1.0,0.5,Marcus Smart,17.5,0.274,0.852,0.008,111.7
313,Dennis Smith Jr.,PG,25,CHO,54,1390,11.6,0.475,0.246,0.235,2.0,11.0,6.4,26.1,2.6,1.6,14.1,17.6,-0.4,1.5,1.1,0.039,-3.5,1.2,-2.2,-0.1,Dennis Smith Jr.,11.4,0.42,0.958,0.053,106.2
314,Jabari Smith Jr.,PF,19,HOU,79,2451,11.2,0.514,0.438,0.231,5.4,20.3,12.7,5.9,0.9,3.0,9.6,18.4,0.5,1.4,1.9,0.037,-2.3,-1.3,-3.7,-1.1,Jabari Smith Jr.,16.2,0.648,0.883,0.054,120.4
315,Jalen Smith,C,22,IND,68,1279,15.9,0.565,0.376,0.27,11.2,22.9,17.1,7.6,0.8,4.0,11.2,21.0,1.1,1.1,2.3,0.085,-0.9,-1.1,-2.1,0.0,Jalen Smith,12.5,0.734,1.0,0.085,115.3
316,Jeremy Sochan,PF,19,SAS,56,1458,11.4,0.509,0.243,0.21,6.9,15.6,11.0,13.6,1.4,1.3,13.9,19.8,-0.5,0.7,0.2,0.005,-2.8,-1.2,-4.0,-0.7,Jeremy Sochan,10.4,0.59,1.0,0.127,117.6
317,Lamar Stevens,SF,25,CLE,62,1120,9.5,0.524,0.33,0.198,5.0,16.7,10.9,4.0,1.2,1.6,7.9,13.6,0.3,1.6,1.9,0.08,-3.0,0.2,-2.8,-0.2,Lamar Stevens,11.7,0.788,1.0,0.108,111.1
318,Isaiah Stewart,C,21,DET,50,1414,13.1,0.56,0.465,0.338,8.7,23.3,15.8,7.3,0.7,2.1,11.8,17.3,1.1,0.9,2.0,0.068,-1.0,-1.1,-2.1,0.0,Isaiah Stewart,13.5,0.688,1.0,0.075,116.9
319,Max Strus,SF,26,MIA,80,2272,10.8,0.557,0.713,0.113,2.4,11.2,6.7,11.2,0.9,0.5,7.8,17.6,1.5,1.9,3.4,0.071,-0.8,-0.9,-1.7,0.2,Max Strus,19.5,0.709,0.949,0.025,113.1
320,Jalen Suggs,SG,21,ORL,53,1246,12.5,0.528,0.455,0.268,5.0,9.6,7.3,18.0,2.6,2.1,15.9,20.3,-0.2,1.5,1.4,0.053,-1.8,0.8,-1.0,0.3,Jalen Suggs,15.8,0.317,0.712,0.016,111.0
321,Edmond Sumner,SG,27,BRK,53,736,14.0,0.597,0.323,0.401,2.0,9.9,6.0,13.3,2.1,1.2,13.6,22.1,0.6,0.7,1.3,0.086,-2.4,-0.2,-2.6,-0.1,Edmond Sumner,11.2,0.634,0.903,0.033,110.1
322,Jae'Sean Tate,SF,27,HOU,31,677,12.2,0.546,0.201,0.301,6.6,12.6,9.6,18.2,1.5,1.0,15.3,18.8,0.4,0.3,0.7,0.049,-2.8,-0.7,-3.5,-0.3,Jae'Sean Tate,8.5,0.351,0.923,0.009,114.8
323,Jayson Tatum,SF,24,BOS,74,2732,23.7,0.607,0.44,0.399,3.2,22.5,13.0,20.9,1.4,1.6,10.4,32.7,6.2,4.3,10.5,0.185,4.8,0.7,5.5,5.1,Jayson Tatum,14.8,0.515,0.646,0.065,110.8
324,Cam Thomas,SG,21,BRK,57,948,14.7,0.567,0.292,0.382,1.0,10.1,5.6,12.7,1.0,0.6,10.6,27.8,0.3,0.7,1.0,0.049,-0.7,-2.0,-2.7,-0.2,Cam Thomas,14.6,0.327,0.451,0.011,113.7
325,Klay Thompson,SF,32,GSW,69,2279,14.7,0.576,0.584,0.105,1.9,11.7,6.9,11.0,1.0,1.1,8.6,26.4,1.2,1.9,3.1,0.066,1.5,-1.7,-0.3,1.0,Klay Thompson,19.6,0.727,0.89,0.011,112.6
326,JT Thor,PF,20,CHO,69,969,7.0,0.506,0.517,0.197,3.9,13.0,8.4,4.9,1.1,2.1,14.5,13.1,-0.6,0.8,0.2,0.009,-4.3,-0.4,-4.7,-0.7,JT Thor,15.8,0.679,0.974,0.05,110.2
327,Matisse Thybulle,SF,25,TOT,71,1200,10.5,0.552,0.585,0.111,3.9,9.7,6.8,5.9,3.4,2.4,8.3,10.6,0.6,1.5,2.1,0.086,-2.7,2.2,-0.5,0.4,Matisse Thybulle,15.8,0.768,0.981,0.091,110.3
328,Obi Toppin,PF,24,NYK,67,1050,13.6,0.565,0.589,0.112,3.0,16.6,9.8,9.2,1.1,1.1,8.0,19.5,1.1,1.0,2.1,0.095,0.3,-0.8,-0.5,0.4,Obi Toppin,16.0,0.863,0.965,0.148,110.4
329,Juan Toscano-Anderson,SF,29,TOT,52,700,7.2,0.505,0.301,0.168,4.4,14.4,9.5,11.8,1.1,1.2,18.1,11.3,-0.1,0.6,0.5,0.038,-4.6,0.8,-3.8,-0.3,Juan Toscano-Anderson,11.2,0.661,1.0,0.035,113.7
330,Karl-Anthony Towns,PF,27,MIN,29,957,18.8,0.618,0.383,0.315,5.7,21.6,13.8,22.0,1.0,1.5,15.0,25.6,1.5,1.1,2.7,0.133,2.1,0.9,3.0,1.2,Karl-Anthony Towns,14.0,0.599,0.967,0.044,109.4
331,Gary Trent Jr.,SG,24,TOR,66,2118,15.0,0.56,0.481,0.219,1.5,8.2,4.6,7.4,2.4,0.6,5.1,21.7,2.5,2.0,4.5,0.102,0.2,0.0,0.2,1.2,Gary Trent Jr.,17.8,0.498,0.861,0.024,113.8
332,P.J. Tucker,PF,37,PHI,75,1920,5.7,0.566,0.622,0.102,5.9,12.1,9.1,3.9,1.0,0.7,15.8,6.5,0.9,1.7,2.5,0.064,-3.2,0.2,-3.0,-0.5,P.J. Tucker,16.5,0.732,0.982,0.0,113.3
333,Myles Turner,C,26,IND,62,1825,20.0,0.651,0.34,0.377,5.4,22.9,14.2,7.5,0.9,6.6,10.8,22.0,3.4,2.0,5.4,0.142,1.4,0.7,2.1,1.9,Myles Turner,12.3,0.773,0.968,0.095,116.3
334,Jarred Vanderbilt,PF,23,TOT,78,1879,15.1,0.604,0.2,0.308,10.0,23.2,16.7,13.1,2.1,0.9,15.9,13.6,2.7,2.5,5.2,0.132,-0.6,1.6,1.1,1.5,Jarred Vanderbilt,7.7,0.679,1.0,0.213,116.2
335,Fred VanVleet,PG,28,TOR,69,2535,17.0,0.54,0.545,0.254,1.2,12.0,6.3,28.1,2.4,1.5,10.2,23.2,3.7,2.8,6.5,0.123,2.0,0.5,2.5,2.9,Fred VanVleet,18.6,0.187,0.594,0.0,112.8
336,Devin Vassell,SG,22,SAS,38,1178,15.5,0.55,0.447,0.168,0.7,13.5,6.9,17.3,1.7,1.2,8.2,24.4,0.7,0.5,1.2,0.051,1.3,-0.9,0.4,0.7,Devin Vassell,17.6,0.456,0.883,0.035,118.8
337,Gabe Vincent,PG,26,MIA,68,1759,9.0,0.533,0.617,0.138,1.7,8.1,4.8,13.9,1.8,0.3,13.3,17.5,-0.3,1.7,1.4,0.038,-3.1,-0.3,-3.4,-0.6,Gabe Vincent,19.0,0.432,0.735,0.002,111.7
338,Dean Wade,PF,26,CLE,44,891,8.5,0.55,0.718,0.13,2.6,17.2,9.9,5.4,1.6,2.2,8.3,10.2,0.4,1.4,1.8,0.097,-2.9,2.1,-0.7,0.3,Dean Wade,19.1,0.821,1.0,0.04,103.2
339,Franz Wagner,SF,21,ORL,80,2609,15.9,0.589,0.322,0.288,3.0,11.2,7.1,17.2,1.4,0.6,11.7,23.5,3.1,2.3,5.4,0.099,0.4,-0.5,-0.1,1.3,Franz Wagner,12.0,0.464,0.8,0.03,110.1
340,Moritz Wagner,C,25,ORL,57,1109,17.4,0.63,0.412,0.46,7.0,19.4,13.2,11.5,1.6,1.1,12.5,21.1,2.1,1.3,3.4,0.149,0.4,0.2,0.6,0.7,Moritz Wagner,12.2,0.782,0.98,0.134,110.6
341,Ish Wainright,SF,28,PHO,60,915,9.2,0.522,0.762,0.137,5.3,11.6,8.4,7.4,2.0,2.2,8.4,12.2,0.5,1.2,1.7,0.089,-2.7,1.5,-1.2,0.2,Ish Wainright,19.8,0.519,0.982,0.026,106.6
342,Jabari Walker,SF,20,POR,56,619,9.6,0.496,0.283,0.227,8.8,15.5,12.2,7.8,0.8,1.9,11.8,17.3,-0.1,0.3,0.2,0.015,-3.9,-2.1,-6.1,-0.6,Jabari Walker,10.5,0.716,0.938,0.116,113.8
343,Lonnie Walker IV,SG,24,LAL,56,1297,12.2,0.57,0.472,0.201,1.2,7.6,4.5,7.0,1.1,1.1,7.4,20.2,0.8,1.0,1.8,0.066,-0.9,-0.5,-1.4,0.2,Lonnie Walker IV,15.7,0.572,0.923,0.055,116.1
344,John Wall,PG,32,LAC,34,755,13.6,0.498,0.322,0.334,2.1,11.4,6.8,35.3,1.8,1.4,17.1,27.0,-0.4,0.7,0.3,0.02,-0.8,-0.4,-1.2,0.1,John Wall,14.5,0.143,0.939,0.012,111.6
345,T.J. Warren,PF,29,TOT,42,687,13.5,0.55,0.248,0.13,4.2,15.4,9.8,8.7,1.6,1.5,6.5,19.5,0.4,0.8,1.2,0.081,-1.7,-0.2,-2.0,0.0,T.J. Warren,13.0,0.664,0.955,0.019,108.4
346,Duane Washington Jr.,SG,22,PHO,31,394,9.3,0.458,0.434,0.094,0.6,9.8,5.1,25.2,0.7,0.9,11.3,32.5,-0.8,0.3,-0.5,-0.065,-1.8,-2.8,-4.6,-0.3,Duane Washington Jr.,16.8,0.222,0.625,0.0,107.9
347,P.J. Washington,PF,24,CHO,73,2380,12.9,0.542,0.438,0.178,3.2,13.0,8.0,11.0,1.3,2.9,9.4,20.6,0.4,2.2,2.6,0.052,-1.0,-0.3,-1.3,0.4,P.J. Washington,14.8,0.74,0.919,0.05,114.8
348,TyTy Washington Jr.,PG,21,HOU,31,433,7.5,0.432,0.5,0.113,0.5,11.0,5.7,15.3,1.7,0.5,7.7,17.4,-0.3,0.1,-0.1,-0.016,-5.0,-1.3,-6.3,-0.5,TyTy Washington Jr.,17.5,0.436,0.789,0.0,111.0
349,Yuta Watanabe,SF,28,BRK,58,928,12.1,0.637,0.582,0.203,3.7,13.1,8.5,7.0,1.3,1.6,8.0,13.1,1.3,0.9,2.1,0.111,-0.4,-0.2,-0.6,0.3,Yuta Watanabe,16.4,0.722,1.0,0.06,112.9
350,Lindy Waters III,SG,25,OKC,41,531,11.8,0.573,0.91,0.112,3.2,12.2,7.6,7.0,1.3,1.9,5.1,15.5,0.6,0.5,1.1,0.101,0.5,-0.4,0.1,0.3,Lindy Waters III,23.8,0.583,0.931,0.0,104.8
351,Trendon Watford,PF,22,POR,62,1182,13.6,0.625,0.198,0.31,4.1,19.2,11.6,16.0,1.3,0.9,16.2,16.1,1.3,0.7,2.1,0.084,-1.4,-0.4,-1.8,0.1,Trendon Watford,8.9,0.641,1.0,0.019,117.9
352,Blake Wesley,SG,19,SAS,37,669,3.5,0.393,0.242,0.205,1.7,11.9,6.6,18.8,1.8,0.6,21.7,18.5,-1.9,0.3,-1.6,-0.114,-7.9,-1.8,-9.6,-1.3,Blake Wesley,11.8,0.306,0.95,0.065,116.7
353,Russell Westbrook,PG,34,TOT,73,2126,16.1,0.513,0.289,0.317,4.7,16.5,10.8,38.6,1.7,1.3,18.4,27.7,-0.6,2.6,1.9,0.044,0.3,-0.1,0.2,1.2,Russell Westbrook,11.8,0.23,0.663,0.023,114.3
354,Coby White,SG,22,CHI,74,1730,12.5,0.572,0.579,0.118,1.1,12.6,6.9,16.3,1.5,0.3,10.6,17.9,1.2,1.9,3.1,0.087,-1.0,0.2,-0.8,0.5,Coby White,17.8,0.348,0.961,0.008,110.1
355,Derrick White,SG,28,BOS,82,2319,15.4,0.604,0.516,0.253,2.5,11.2,6.9,19.4,1.1,2.8,10.1,17.7,4.4,3.1,7.4,0.154,1.1,1.3,2.4,2.6,Derrick White,16.1,0.502,0.899,0.018,107.2
356,Aaron Wiggins,SG,24,OKC,70,1297,12.2,0.607,0.336,0.196,5.5,12.0,8.7,8.3,1.4,1.1,12.2,14.5,1.4,1.2,2.6,0.097,-1.5,-0.5,-2.1,0.0,Aaron Wiggins,10.6,0.696,0.958,0.055,111.2
357,Andrew Wiggins,SF,27,GSW,37,1190,14.7,0.564,0.425,0.136,5.7,11.3,8.6,10.5,1.8,2.1,7.9,21.5,1.0,1.3,2.3,0.091,-0.1,-0.4,-0.5,0.5,Andrew Wiggins,15.4,0.621,0.955,0.055,110.9
358,Grant Williams,PF,24,BOS,79,2045,10.3,0.605,0.611,0.256,4.7,14.5,9.7,8.4,1.0,1.3,13.4,13.1,1.9,2.6,4.4,0.104,-1.8,0.7,-1.1,0.5,Grant Williams,17.5,0.594,0.957,0.032,109.0
359,Jalen Williams,SG,21,OKC,75,2276,15.6,0.601,0.258,0.241,3.9,12.2,7.9,15.4,2.1,1.4,12.3,18.4,3.0,2.6,5.6,0.119,-0.4,0.7,0.3,1.3,Jalen Williams,10.4,0.416,0.904,0.106,112.6
360,Jaylin Williams,C,20,OKC,49,914,11.2,0.559,0.483,0.231,5.1,23.6,14.1,10.7,1.5,1.2,12.6,13.5,0.7,1.2,1.9,0.099,-2.3,0.6,-1.7,0.1,Jaylin Williams,16.2,0.839,0.957,0.047,115.7
361,Kenrich Williams,PF,28,OKC,53,1206,14.4,0.585,0.387,0.113,8.5,14.9,11.6,11.7,1.8,1.1,8.1,13.7,2.0,1.3,3.3,0.133,0.1,0.4,0.5,0.8,Kenrich Williams,13.4,0.659,1.0,0.066,109.2
362,Mark Williams,C,21,CHO,43,828,19.8,0.659,0.0,0.386,11.7,27.7,19.6,3.3,1.6,4.7,12.0,17.0,1.5,1.3,2.8,0.163,-0.5,0.6,0.1,0.4,Mark Williams,3.1,0.681,0.0,0.303,110.3
363,Patrick Williams,PF,21,CHI,82,2323,11.2,0.576,0.409,0.155,3.9,12.0,8.0,5.8,1.5,2.9,12.3,15.7,0.5,3.0,3.5,0.072,-1.7,0.4,-1.3,0.4,Patrick Williams,14.6,0.633,0.983,0.118,113.2
364,Ziaire Williams,SF,21,MEM,37,561,7.4,0.511,0.495,0.112,3.0,11.9,7.5,8.2,1.2,1.0,15.2,18.0,-0.5,0.6,0.1,0.011,-4.7,-0.8,-5.6,-0.5,Ziaire Williams,15.6,0.78,0.88,0.128,112.2
365,Zion Williamson,PF,22,NOP,29,956,25.2,0.652,0.041,0.529,6.9,17.0,12.0,24.4,1.6,1.6,14.6,30.4,2.3,1.2,3.6,0.18,4.8,1.0,5.8,1.9,Zion Williamson,4.1,0.457,0.857,0.113,108.4
366,Justise Winslow,PF,26,POR,29,776,9.3,0.466,0.227,0.141,7.2,14.3,10.7,17.2,1.9,1.3,17.0,14.2,-0.1,0.5,0.4,0.022,-3.4,0.6,-2.8,-0.2,Justise Winslow,9.8,0.567,1.0,0.02,112.3
367,James Wiseman,C,21,TOT,45,867,15.6,0.589,0.059,0.286,9.2,25.2,17.0,5.5,0.4,2.7,11.8,21.2,0.7,0.7,1.4,0.077,-2.1,-1.4,-3.5,-0.3,James Wiseman,6.6,0.719,1.0,0.248,121.9
368,Christian Wood,C,27,DAL,67,1738,20.6,0.624,0.363,0.365,5.8,27.4,16.4,11.7,0.9,3.7,11.9,26.4,2.7,2.1,4.8,0.132,1.9,-0.3,1.7,1.6,Christian Wood,12.8,0.615,0.971,0.124,116.7
369,Delon Wright,PG,30,WAS,50,1221,16.3,0.581,0.409,0.206,5.5,10.7,8.2,20.9,3.7,1.2,12.2,12.9,2.1,1.6,3.7,0.146,0.4,3.1,3.4,1.7,Delon Wright,14.4,0.268,0.854,0.014,110.9
370,McKinley Wright IV,PG,24,DAL,27,335,12.4,0.536,0.286,0.194,3.1,13.4,8.2,25.2,1.2,1.3,15.2,16.9,0.2,0.2,0.5,0.069,-1.9,-0.8,-2.7,-0.1,McKinley Wright IV,12.7,0.297,0.889,0.0,117.6
371,Thaddeus Young,PF,34,TOR,54,795,14.1,0.573,0.172,0.131,9.4,14.6,11.8,12.9,3.4,0.6,16.7,13.5,0.7,1.1,1.8,0.109,-1.8,1.9,0.1,0.4,Thaddeus Young,7.9,0.549,1.0,0.051,115.0
372,Trae Young,PG,24,ATL,73,2541,22.0,0.573,0.331,0.46,2.4,7.0,4.7,42.5,1.5,0.3,15.2,32.6,5.3,1.4,6.7,0.126,5.3,-2.0,3.3,3.4,Trae Young,15.0,0.174,0.325,0.0,114.6
373,Ivica Zubac,C,25,LAC,76,2170,16.7,0.661,0.004,0.463,12.3,26.5,19.5,5.1,0.7,4.0,15.9,14.8,3.8,2.9,6.7,0.149,-1.1,0.2,-0.9,0.6,Ivica Zubac,3.3,0.733,0.0,0.286,113.4
